,RunId,iteration,Step,num_nodes,avg_node_degree,initial_outbreak_size,virus_spread_chance,recovery_chance,superspreader_chance,degree_influence,Infected,Susceptible,Resistant
0,0,0,50,3,4,10,0.4,0.3,0.01,0.01,0,0,3
1,1,0,50,3,4,10,0.4,0.3,0.01,0.02,0,0,3
2,2,0,50,3,4,10,0.4,0.3,0.01,0.03,0,0,3
3,3,0,50,3,4,10,0.4,0.3,0.01,0.04,0,1,2
4,4,0,50,3,4,10,0.4,0.3,0.01,0.05,0,1,2
5,5,0,50,3,4,10,0.4,0.3,0.05,0.01,0,2,1
6,6,0,50,3,4,10,0.4,0.3,0.05,0.02,0,2,1
7,7,0,50,3,4,10,0.4,0.3,0.05,0.03,0,1,2
8,8,0,50,3,4,10,0.4,0.3,0.05,0.04,0,1,2
9,9,0,50,3,4,10,0.4,0.3,0.05,0.05,0,2,1
10,10,0,50,3,4,10,0.4,0.3,0.1,0.01,0,0,3
11,11,0,50,3,4,10,0.4,0.3,0.1,0.02,0,0,3
12,12,0,50,3,4,10,0.4,0.3,0.1,0.03,0,1,2
13,13,0,50,3,4,10,0.4,0.3,0.1,0.04,0,0,3
14,14,0,50,3,4,10,0.4,0.3,0.1,0.05,0,1,2
15,15,0,50,3,4,10,0.4,0.3,0.15,0.01,0,0,3
16,16,0,50,3,4,10,0.4,0.3,0.15,0.02,0,1,2
17,17,0,50,3,4,10,0.4,0.3,0.15,0.03,1,0,2
18,18,0,50,3,4,10,0.4,0.3,0.15,0.04,0,0,3
19,19,0,50,3,4,10,0.4,0.3,0.15,0.05,0,1,2
20,20,0,50,3,4,10,0.4,0.3,0.2,0.01,0,1,2
21,21,0,50,3,4,10,0.4,0.3,0.2,0.02,0,1,2
22,22,0,50,3,4,10,0.4,0.3,0.2,0.03,0,0,3
23,24,0,50,3,4,10,0.4,0.3,0.2,0.05,0,1,2
24,23,0,50,3,4,10,0.4,0.3,0.2,0.04,0,2,1
25,25,1,50,3,4,10,0.4,0.3,0.01,0.01,0,2,1
26,26,1,50,3,4,10,0.4,0.3,0.01,0.02,0,0,3
27,27,1,50,3,4,10,0.4,0.3,0.01,0.03,0,0,3
28,28,1,50,3,4,10,0.4,0.3,0.01,0.04,0,1,2
29,29,1,50,3,4,10,0.4,0.3,0.01,0.05,0,1,2
30,30,1,50,3,4,10,0.4,0.3,0.05,0.01,0,1,2
31,31,1,50,3,4,10,0.4,0.3,0.05,0.02,0,0,3
32,32,1,50,3,4,10,0.4,0.3,0.05,0.03,0,1,2
33,33,1,50,3,4,10,0.4,0.3,0.05,0.04,0,0,3
34,34,1,50,3,4,10,0.4,0.3,0.05,0.05,0,1,2
35,36,1,50,3,4,10,0.4,0.3,0.1,0.02,0,0,3
36,35,1,50,3,4,10,0.4,0.3,0.1,0.01,0,0,3
37,37,1,50,3,4,10,0.4,0.3,0.1,0.03,0,1,2
38,38,1,50,3,4,10,0.4,0.3,0.1,0.04,0,1,2
39,39,1,50,3,4,10,0.4,0.3,0.1,0.05,0,1,2
40,40,1,50,3,4,10,0.4,0.3,0.15,0.01,0,0,3
41,41,1,50,3,4,10,0.4,0.3,0.15,0.02,0,0,3
42,42,1,50,3,4,10,0.4,0.3,0.15,0.03,0,1,2
43,43,1,50,3,4,10,0.4,0.3,0.15,0.04,0,0,3
44,44,1,50,3,4,10,0.4,0.3,0.15,0.05,0,1,2
45,46,1,50,3,4,10,0.4,0.3,0.2,0.02,0,1,2
46,45,1,50,3,4,10,0.4,0.3,0.2,0.01,0,0,3
47,47,1,50,3,4,10,0.4,0.3,0.2,0.03,0,1,2
48,48,1,50,3,4,10,0.4,0.3,0.2,0.04,0,1,2
49,49,1,50,3,4,10,0.4,0.3,0.2,0.05,0,0,3
50,50,2,50,3,4,10,0.4,0.3,0.01,0.01,0,1,2
51,51,2,50,3,4,10,0.4,0.3,0.01,0.02,0,1,2
52,53,2,50,3,4,10,0.4,0.3,0.01,0.04,0,1,2
53,52,2,50,3,4,10,0.4,0.3,0.01,0.03,0,0,3
54,54,2,50,3,4,10,0.4,0.3,0.01,0.05,0,1,2
55,55,2,50,3,4,10,0.4,0.3,0.05,0.01,0,0,3
56,56,2,50,3,4,10,0.4,0.3,0.05,0.02,1,0,2
57,58,2,50,3,4,10,0.4,0.3,0.05,0.04,0,0,3
58,57,2,50,3,4,10,0.4,0.3,0.05,0.03,0,1,2
59,59,2,50,3,4,10,0.4,0.3,0.05,0.05,0,2,1
60,62,2,50,3,4,10,0.4,0.3,0.1,0.03,0,0,3
61,61,2,50,3,4,10,0.4,0.3,0.1,0.02,0,1,2
62,60,2,50,3,4,10,0.4,0.3,0.1,0.01,0,1,2
63,64,2,50,3,4,10,0.4,0.3,0.1,0.05,0,0,3
64,63,2,50,3,4,10,0.4,0.3,0.1,0.04,0,0,3
65,65,2,50,3,4,10,0.4,0.3,0.15,0.01,0,2,1
66,66,2,50,3,4,10,0.4,0.3,0.15,0.02,0,0,3
67,67,2,50,3,4,10,0.4,0.3,0.15,0.03,0,1,2
68,68,2,50,3,4,10,0.4,0.3,0.15,0.04,0,0,3
69,69,2,50,3,4,10,0.4,0.3,0.15,0.05,0,0,3
70,71,2,50,3,4,10,0.4,0.3,0.2,0.02,0,1,2
71,72,2,50,3,4,10,0.4,0.3,0.2,0.03,0,0,3
72,70,2,50,3,4,10,0.4,0.3,0.2,0.01,0,1,2
73,73,2,50,3,4,10,0.4,0.3,0.2,0.04,0,0,3
74,74,2,50,3,4,10,0.4,0.3,0.2,0.05,0,0,3
75,75,3,50,3,4,10,0.4,0.3,0.01,0.01,0,1,2
76,76,3,50,3,4,10,0.4,0.3,0.01,0.02,0,1,2
77,77,3,50,3,4,10,0.4,0.3,0.01,0.03,0,0,3
78,78,3,50,3,4,10,0.4,0.3,0.01,0.04,0,0,3
79,79,3,50,3,4,10,0.4,0.3,0.01,0.05,0,0,3
80,80,3,50,3,4,10,0.4,0.3,0.05,0.01,0,0,3
81,81,3,50,3,4,10,0.4,0.3,0.05,0.02,0,1,2
82,82,3,50,3,4,10,0.4,0.3,0.05,0.03,0,0,3
83,83,3,50,3,4,10,0.4,0.3,0.05,0.04,0,1,2
84,84,3,50,3,4,10,0.4,0.3,0.05,0.05,0,0,3
85,85,3,50,3,4,10,0.4,0.3,0.1,0.01,0,0,3
86,87,3,50,3,4,10,0.4,0.3,0.1,0.03,0,0,3
87,86,3,50,3,4,10,0.4,0.3,0.1,0.02,0,1,2
88,89,3,50,3,4,10,0.4,0.3,0.1,0.05,0,0,3
89,88,3,50,3,4,10,0.4,0.3,0.1,0.04,0,1,2
90,91,3,50,3,4,10,0.4,0.3,0.15,0.02,0,2,1
91,90,3,50,3,4,10,0.4,0.3,0.15,0.01,0,0,3
92,92,3,50,3,4,10,0.4,0.3,0.15,0.03,0,1,2
93,93,3,50,3,4,10,0.4,0.3,0.15,0.04,0,1,2
94,94,3,50,3,4,10,0.4,0.3,0.15,0.05,0,0,3
95,95,3,50,3,4,10,0.4,0.3,0.2,0.01,0,1,2
96,97,3,50,3,4,10,0.4,0.3,0.2,0.03,0,1,2
97,96,3,50,3,4,10,0.4,0.3,0.2,0.02,0,1,2
98,99,3,50,3,4,10,0.4,0.3,0.2,0.05,0,0,3
99,98,3,50,3,4,10,0.4,0.3,0.2,0.04,0,0,3
100,100,4,50,3,4,10,0.4,0.3,0.01,0.01,0,1,2
101,102,4,50,3,4,10,0.4,0.3,0.01,0.03,0,0,3
102,101,4,50,3,4,10,0.4,0.3,0.01,0.02,0,0,3
103,104,4,50,3,4,10,0.4,0.3,0.01,0.05,0,1,2
104,103,4,50,3,4,10,0.4,0.3,0.01,0.04,0,1,2
105,105,4,50,3,4,10,0.4,0.3,0.05,0.01,0,1,2
106,107,4,50,3,4,10,0.4,0.3,0.05,0.03,0,1,2
107,109,4,50,3,4,10,0.4,0.3,0.05,0.05,0,1,2
108,108,4,50,3,4,10,0.4,0.3,0.05,0.04,1,0,2
109,106,4,50,3,4,10,0.4,0.3,0.05,0.02,0,0,3
110,111,4,50,3,4,10,0.4,0.3,0.1,0.02,0,1,2
111,112,4,50,3,4,10,0.4,0.3,0.1,0.03,0,1,2
112,110,4,50,3,4,10,0.4,0.3,0.1,0.01,0,1,2
113,114,4,50,3,4,10,0.4,0.3,0.1,0.05,0,1,2
114,113,4,50,3,4,10,0.4,0.3,0.1,0.04,0,0,3
115,115,4,50,3,4,10,0.4,0.3,0.15,0.01,0,0,3
116,118,4,50,3,4,10,0.4,0.3,0.15,0.04,0,0,3
117,117,4,50,3,4,10,0.4,0.3,0.15,0.03,0,1,2
118,116,4,50,3,4,10,0.4,0.3,0.15,0.02,0,2,1
119,120,4,50,3,4,10,0.4,0.3,0.2,0.01,0,1,2
120,119,4,50,3,4,10,0.4,0.3,0.15,0.05,0,1,2
121,121,4,50,3,4,10,0.4,0.3,0.2,0.02,0,1,2
122,124,4,50,3,4,10,0.4,0.3,0.2,0.05,0,2,1
123,123,4,50,3,4,10,0.4,0.3,0.2,0.04,0,0,3
124,125,5,50,3,4,10,0.4,0.3,0.01,0.01,0,1,2
125,126,5,50,3,4,10,0.4,0.3,0.01,0.02,0,0,3
126,122,4,50,3,4,10,0.4,0.3,0.2,0.03,0,1,2
127,129,5,50,3,4,10,0.4,0.3,0.01,0.05,0,1,2
128,127,5,50,3,4,10,0.4,0.3,0.01,0.03,0,0,3
129,130,5,50,3,4,10,0.4,0.3,0.05,0.01,0,1,2
130,132,5,50,3,4,10,0.4,0.3,0.05,0.03,0,2,1
131,128,5,50,3,4,10,0.4,0.3,0.01,0.04,0,1,2
132,133,5,50,3,4,10,0.4,0.3,0.05,0.04,0,0,3
133,134,5,50,3,4,10,0.4,0.3,0.05,0.05,0,0,3
134,131,5,50,3,4,10,0.4,0.3,0.05,0.02,0,1,2
135,135,5,50,3,4,10,0.4,0.3,0.1,0.01,0,1,2
136,136,5,50,3,4,10,0.4,0.3,0.1,0.02,0,1,2
137,139,5,50,3,4,10,0.4,0.3,0.1,0.05,0,1,2
138,138,5,50,3,4,10,0.4,0.3,0.1,0.04,0,0,3
139,137,5,50,3,4,10,0.4,0.3,0.1,0.03,0,0,3
140,141,5,50,3,4,10,0.4,0.3,0.15,0.02,0,1,2
141,140,5,50,3,4,10,0.4,0.3,0.15,0.01,0,0,3
142,142,5,50,3,4,10,0.4,0.3,0.15,0.03,0,0,3
143,145,5,50,3,4,10,0.4,0.3,0.2,0.01,0,1,2
144,146,5,50,3,4,10,0.4,0.3,0.2,0.02,0,1,2
145,143,5,50,3,4,10,0.4,0.3,0.15,0.04,0,0,3
146,144,5,50,3,4,10,0.4,0.3,0.15,0.05,0,0,3
147,147,5,50,3,4,10,0.4,0.3,0.2,0.03,0,1,2
148,151,6,50,3,4,10,0.4,0.3,0.01,0.02,0,1,2
149,152,6,50,3,4,10,0.4,0.3,0.01,0.03,0,1,2
150,149,5,50,3,4,10,0.4,0.3,0.2,0.05,0,1,2
151,148,5,50,3,4,10,0.4,0.3,0.2,0.04,0,1,2
152,150,6,50,3,4,10,0.4,0.3,0.01,0.01,0,0,3
153,153,6,50,3,4,10,0.4,0.3,0.01,0.04,0,0,3
154,154,6,50,3,4,10,0.4,0.3,0.01,0.05,0,1,2
155,155,6,50,3,4,10,0.4,0.3,0.05,0.01,0,1,2
156,157,6,50,3,4,10,0.4,0.3,0.05,0.03,0,1,2
157,160,6,50,3,4,10,0.4,0.3,0.1,0.01,0,0,3
158,156,6,50,3,4,10,0.4,0.3,0.05,0.02,0,2,1
159,158,6,50,3,4,10,0.4,0.3,0.05,0.04,0,0,3
160,161,6,50,3,4,10,0.4,0.3,0.1,0.02,0,1,2
161,159,6,50,3,4,10,0.4,0.3,0.05,0.05,0,1,2
162,163,6,50,3,4,10,0.4,0.3,0.1,0.04,0,1,2
163,165,6,50,3,4,10,0.4,0.3,0.15,0.01,0,1,2
164,162,6,50,3,4,10,0.4,0.3,0.1,0.03,0,1,2
165,166,6,50,3,4,10,0.4,0.3,0.15,0.02,0,1,2
166,164,6,50,3,4,10,0.4,0.3,0.1,0.05,0,1,2
167,168,6,50,3,4,10,0.4,0.3,0.15,0.04,0,2,1
168,167,6,50,3,4,10,0.4,0.3,0.15,0.03,0,1,2
169,170,6,50,3,4,10,0.4,0.3,0.2,0.01,0,0,3
170,169,6,50,3,4,10,0.4,0.3,0.15,0.05,0,0,3
171,172,6,50,3,4,10,0.4,0.3,0.2,0.03,0,0,3
172,173,6,50,3,4,10,0.4,0.3,0.2,0.04,0,1,2
173,171,6,50,3,4,10,0.4,0.3,0.2,0.02,0,1,2
174,176,7,50,3,4,10,0.4,0.3,0.01,0.02,0,0,3
175,174,6,50,3,4,10,0.4,0.3,0.2,0.05,0,1,2
176,175,7,50,3,4,10,0.4,0.3,0.01,0.01,0,0,3
177,177,7,50,3,4,10,0.4,0.3,0.01,0.03,0,0,3
178,179,7,50,3,4,10,0.4,0.3,0.01,0.05,0,0,3
179,178,7,50,3,4,10,0.4,0.3,0.01,0.04,0,0,3
180,180,7,50,3,4,10,0.4,0.3,0.05,0.01,0,1,2
181,182,7,50,3,4,10,0.4,0.3,0.05,0.03,0,1,2
182,181,7,50,3,4,10,0.4,0.3,0.05,0.02,0,0,3
183,185,7,50,3,4,10,0.4,0.3,0.1,0.01,0,1,2
184,186,7,50,3,4,10,0.4,0.3,0.1,0.02,0,0,3
185,184,7,50,3,4,10,0.4,0.3,0.05,0.05,0,0,3
186,183,7,50,3,4,10,0.4,0.3,0.05,0.04,0,0,3
187,187,7,50,3,4,10,0.4,0.3,0.1,0.03,0,1,2
188,189,7,50,3,4,10,0.4,0.3,0.1,0.05,0,1,2
189,190,7,50,3,4,10,0.4,0.3,0.15,0.01,0,2,1
190,188,7,50,3,4,10,0.4,0.3,0.1,0.04,0,1,2
191,191,7,50,3,4,10,0.4,0.3,0.15,0.02,0,1,2
192,192,7,50,3,4,10,0.4,0.3,0.15,0.03,0,1,2
193,193,7,50,3,4,10,0.4,0.3,0.15,0.04,0,1,2
194,195,7,50,3,4,10,0.4,0.3,0.2,0.01,0,1,2
195,194,7,50,3,4,10,0.4,0.3,0.15,0.05,0,1,2
196,197,7,50,3,4,10,0.4,0.3,0.2,0.03,0,1,2
197,198,7,50,3,4,10,0.4,0.3,0.2,0.04,0,0,3
198,196,7,50,3,4,10,0.4,0.3,0.2,0.02,0,0,3
199,199,7,50,3,4,10,0.4,0.3,0.2,0.05,0,1,2
200,201,8,50,3,4,10,0.4,0.3,0.01,0.02,0,0,3
201,200,8,50,3,4,10,0.4,0.3,0.01,0.01,0,2,1
202,202,8,50,3,4,10,0.4,0.3,0.01,0.03,0,0,3
203,204,8,50,3,4,10,0.4,0.3,0.01,0.05,0,1,2
204,203,8,50,3,4,10,0.4,0.3,0.01,0.04,0,0,3
205,205,8,50,3,4,10,0.4,0.3,0.05,0.01,0,0,3
206,206,8,50,3,4,10,0.4,0.3,0.05,0.02,0,1,2
207,210,8,50,3,4,10,0.4,0.3,0.1,0.01,0,1,2
208,208,8,50,3,4,10,0.4,0.3,0.05,0.04,0,1,2
209,209,8,50,3,4,10,0.4,0.3,0.05,0.05,0,0,3
210,207,8,50,3,4,10,0.4,0.3,0.05,0.03,0,1,2
211,211,8,50,3,4,10,0.4,0.3,0.1,0.02,0,0,3
212,213,8,50,3,4,10,0.4,0.3,0.1,0.04,0,1,2
213,212,8,50,3,4,10,0.4,0.3,0.1,0.03,0,2,1
214,214,8,50,3,4,10,0.4,0.3,0.1,0.05,0,0,3
215,216,8,50,3,4,10,0.4,0.3,0.15,0.02,0,1,2
216,215,8,50,3,4,10,0.4,0.3,0.15,0.01,0,1,2
217,219,8,50,3,4,10,0.4,0.3,0.15,0.05,0,1,2
218,217,8,50,3,4,10,0.4,0.3,0.15,0.03,0,1,2
219,218,8,50,3,4,10,0.4,0.3,0.15,0.04,0,1,2
220,222,8,50,3,4,10,0.4,0.3,0.2,0.03,0,1,2
221,224,8,50,3,4,10,0.4,0.3,0.2,0.05,0,1,2
222,220,8,50,3,4,10,0.4,0.3,0.2,0.01,0,1,2
223,221,8,50,3,4,10,0.4,0.3,0.2,0.02,0,1,2
224,223,8,50,3,4,10,0.4,0.3,0.2,0.04,0,1,2
225,228,9,50,3,4,10,0.4,0.3,0.01,0.04,0,1,2
226,225,9,50,3,4,10,0.4,0.3,0.01,0.01,0,0,3
227,227,9,50,3,4,10,0.4,0.3,0.01,0.03,0,1,2
228,229,9,50,3,4,10,0.4,0.3,0.01,0.05,0,1,2
229,226,9,50,3,4,10,0.4,0.3,0.01,0.02,0,2,1
230,230,9,50,3,4,10,0.4,0.3,0.05,0.01,0,0,3
231,233,9,50,3,4,10,0.4,0.3,0.05,0.04,0,1,2
232,232,9,50,3,4,10,0.4,0.3,0.05,0.03,0,1,2
233,234,9,50,3,4,10,0.4,0.3,0.05,0.05,0,2,1
234,235,9,50,3,4,10,0.4,0.3,0.1,0.01,0,2,1
235,231,9,50,3,4,10,0.4,0.3,0.05,0.02,0,1,2
236,236,9,50,3,4,10,0.4,0.3,0.1,0.02,0,2,1
237,238,9,50,3,4,10,0.4,0.3,0.1,0.04,0,0,3
238,237,9,50,3,4,10,0.4,0.3,0.1,0.03,0,1,2
239,240,9,50,3,4,10,0.4,0.3,0.15,0.01,0,0,3
240,241,9,50,3,4,10,0.4,0.3,0.15,0.02,0,0,3
241,239,9,50,3,4,10,0.4,0.3,0.1,0.05,0,1,2
242,242,9,50,3,4,10,0.4,0.3,0.15,0.03,0,1,2
243,243,9,50,3,4,10,0.4,0.3,0.15,0.04,0,0,3
244,244,9,50,3,4,10,0.4,0.3,0.15,0.05,0,1,2
245,247,9,50,3,4,10,0.4,0.3,0.2,0.03,0,0,3
246,246,9,50,3,4,10,0.4,0.3,0.2,0.02,0,2,1
247,245,9,50,3,4,10,0.4,0.3,0.2,0.01,0,1,2
248,250,10,50,3,4,10,0.4,0.3,0.01,0.01,0,0,3
249,249,9,50,3,4,10,0.4,0.3,0.2,0.05,0,1,2
250,248,9,50,3,4,10,0.4,0.3,0.2,0.04,0,1,2
251,251,10,50,3,4,10,0.4,0.3,0.01,0.02,0,1,2
252,252,10,50,3,4,10,0.4,0.3,0.01,0.03,0,1,2
253,254,10,50,3,4,10,0.4,0.3,0.01,0.05,0,1,2
254,253,10,50,3,4,10,0.4,0.3,0.01,0.04,0,1,2
255,255,10,50,3,4,10,0.4,0.3,0.05,0.01,0,1,2
256,256,10,50,3,4,10,0.4,0.3,0.05,0.02,0,0,3
257,257,10,50,3,4,10,0.4,0.3,0.05,0.03,0,1,2
258,259,10,50,3,4,10,0.4,0.3,0.05,0.05,0,1,2
259,258,10,50,3,4,10,0.4,0.3,0.05,0.04,0,1,2
260,260,10,50,3,4,10,0.4,0.3,0.1,0.01,0,0,3
261,261,10,50,3,4,10,0.4,0.3,0.1,0.02,0,1,2
262,262,10,50,3,4,10,0.4,0.3,0.1,0.03,0,1,2
263,263,10,50,3,4,10,0.4,0.3,0.1,0.04,0,1,2
264,264,10,50,3,4,10,0.4,0.3,0.1,0.05,0,1,2
265,265,10,50,3,4,10,0.4,0.3,0.15,0.01,0,2,1
266,268,10,50,3,4,10,0.4,0.3,0.15,0.04,0,1,2
267,269,10,50,3,4,10,0.4,0.3,0.15,0.05,0,0,3
268,267,10,50,3,4,10,0.4,0.3,0.15,0.03,0,0,3
269,272,10,50,3,4,10,0.4,0.3,0.2,0.03,0,0,3
270,270,10,50,3,4,10,0.4,0.3,0.2,0.01,0,0,3
271,266,10,50,3,4,10,0.4,0.3,0.15,0.02,0,1,2
272,273,10,50,3,4,10,0.4,0.3,0.2,0.04,0,0,3
273,271,10,50,3,4,10,0.4,0.3,0.2,0.02,0,0,3
274,275,11,50,3,4,10,0.4,0.3,0.01,0.01,0,0,3
275,274,10,50,3,4,10,0.4,0.3,0.2,0.05,0,1,2
276,277,11,50,3,4,10,0.4,0.3,0.01,0.03,0,1,2
277,276,11,50,3,4,10,0.4,0.3,0.01,0.02,0,1,2
278,278,11,50,3,4,10,0.4,0.3,0.01,0.04,0,0,3
279,279,11,50,3,4,10,0.4,0.3,0.01,0.05,0,2,1
280,281,11,50,3,4,10,0.4,0.3,0.05,0.02,0,1,2
281,280,11,50,3,4,10,0.4,0.3,0.05,0.01,0,0,3
282,283,11,50,3,4,10,0.4,0.3,0.05,0.04,0,1,2
283,282,11,50,3,4,10,0.4,0.3,0.05,0.03,0,1,2
284,284,11,50,3,4,10,0.4,0.3,0.05,0.05,0,0,3
285,285,11,50,3,4,10,0.4,0.3,0.1,0.01,0,1,2
286,288,11,50,3,4,10,0.4,0.3,0.1,0.04,0,0,3
287,286,11,50,3,4,10,0.4,0.3,0.1,0.02,0,0,3
288,291,11,50,3,4,10,0.4,0.3,0.15,0.02,0,0,3
289,289,11,50,3,4,10,0.4,0.3,0.1,0.05,0,3,0
290,287,11,50,3,4,10,0.4,0.3,0.1,0.03,0,1,2
291,290,11,50,3,4,10,0.4,0.3,0.15,0.01,0,1,2
292,293,11,50,3,4,10,0.4,0.3,0.15,0.04,0,0,3
293,292,11,50,3,4,10,0.4,0.3,0.15,0.03,0,1,2
294,294,11,50,3,4,10,0.4,0.3,0.15,0.05,0,0,3
295,295,11,50,3,4,10,0.4,0.3,0.2,0.01,0,0,3
296,297,11,50,3,4,10,0.4,0.3,0.2,0.03,0,1,2
297,296,11,50,3,4,10,0.4,0.3,0.2,0.02,0,1,2
298,299,11,50,3,4,10,0.4,0.3,0.2,0.05,0,0,3
299,298,11,50,3,4,10,0.4,0.3,0.2,0.04,0,0,3
300,300,12,50,3,4,10,0.4,0.3,0.01,0.01,0,0,3
301,301,12,50,3,4,10,0.4,0.3,0.01,0.02,0,1,2
302,302,12,50,3,4,10,0.4,0.3,0.01,0.03,0,0,3
303,303,12,50,3,4,10,0.4,0.3,0.01,0.04,0,1,2
304,305,12,50,3,4,10,0.4,0.3,0.05,0.01,0,0,3
305,306,12,50,3,4,10,0.4,0.3,0.05,0.02,1,0,2
306,304,12,50,3,4,10,0.4,0.3,0.01,0.05,0,1,2
307,308,12,50,3,4,10,0.4,0.3,0.05,0.04,0,1,2
308,307,12,50,3,4,10,0.4,0.3,0.05,0.03,0,1,2
309,309,12,50,3,4,10,0.4,0.3,0.05,0.05,0,1,2
310,310,12,50,3,4,10,0.4,0.3,0.1,0.01,0,1,2
311,311,12,50,3,4,10,0.4,0.3,0.1,0.02,0,1,2
312,312,12,50,3,4,10,0.4,0.3,0.1,0.03,0,1,2
313,313,12,50,3,4,10,0.4,0.3,0.1,0.04,0,1,2
314,314,12,50,3,4,10,0.4,0.3,0.1,0.05,0,0,3
315,315,12,50,3,4,10,0.4,0.3,0.15,0.01,0,0,3
316,317,12,50,3,4,10,0.4,0.3,0.15,0.03,0,1,2
317,316,12,50,3,4,10,0.4,0.3,0.15,0.02,0,0,3
318,318,12,50,3,4,10,0.4,0.3,0.15,0.04,0,2,1
319,320,12,50,3,4,10,0.4,0.3,0.2,0.01,1,0,2
320,319,12,50,3,4,10,0.4,0.3,0.15,0.05,0,0,3
321,321,12,50,3,4,10,0.4,0.3,0.2,0.02,0,1,2
322,322,12,50,3,4,10,0.4,0.3,0.2,0.03,1,0,2
323,323,12,50,3,4,10,0.4,0.3,0.2,0.04,0,0,3
324,324,12,50,3,4,10,0.4,0.3,0.2,0.05,0,2,1
325,326,13,50,3,4,10,0.4,0.3,0.01,0.02,0,0,3
326,327,13,50,3,4,10,0.4,0.3,0.01,0.03,0,0,3
327,328,13,50,3,4,10,0.4,0.3,0.01,0.04,0,0,3
328,325,13,50,3,4,10,0.4,0.3,0.01,0.01,0,0,3
329,330,13,50,3,4,10,0.4,0.3,0.05,0.01,0,0,3
330,329,13,50,3,4,10,0.4,0.3,0.01,0.05,0,2,1
331,331,13,50,3,4,10,0.4,0.3,0.05,0.02,0,0,3
332,333,13,50,3,4,10,0.4,0.3,0.05,0.04,0,1,2
333,332,13,50,3,4,10,0.4,0.3,0.05,0.03,0,1,2
334,337,13,50,3,4,10,0.4,0.3,0.1,0.03,0,1,2
335,334,13,50,3,4,10,0.4,0.3,0.05,0.05,0,0,3
336,335,13,50,3,4,10,0.4,0.3,0.1,0.01,0,0,3
337,340,13,50,3,4,10,0.4,0.3,0.15,0.01,0,1,2
338,338,13,50,3,4,10,0.4,0.3,0.1,0.04,0,1,2
339,336,13,50,3,4,10,0.4,0.3,0.1,0.02,1,0,2
340,339,13,50,3,4,10,0.4,0.3,0.1,0.05,0,1,2
341,341,13,50,3,4,10,0.4,0.3,0.15,0.02,0,1,2
342,343,13,50,3,4,10,0.4,0.3,0.15,0.04,0,2,1
343,342,13,50,3,4,10,0.4,0.3,0.15,0.03,0,1,2
344,345,13,50,3,4,10,0.4,0.3,0.2,0.01,0,1,2
345,347,13,50,3,4,10,0.4,0.3,0.2,0.03,0,0,3
346,344,13,50,3,4,10,0.4,0.3,0.15,0.05,0,1,2
347,346,13,50,3,4,10,0.4,0.3,0.2,0.02,2,0,1
348,348,13,50,3,4,10,0.4,0.3,0.2,0.04,0,1,2
349,350,14,50,3,4,10,0.4,0.3,0.01,0.01,0,0,3
350,349,13,50,3,4,10,0.4,0.3,0.2,0.05,0,0,3
351,351,14,50,3,4,10,0.4,0.3,0.01,0.02,0,0,3
352,352,14,50,3,4,10,0.4,0.3,0.01,0.03,0,1,2
353,353,14,50,3,4,10,0.4,0.3,0.01,0.04,0,1,2
354,354,14,50,3,4,10,0.4,0.3,0.01,0.05,0,0,3
355,357,14,50,3,4,10,0.4,0.3,0.05,0.03,0,1,2
356,355,14,50,3,4,10,0.4,0.3,0.05,0.01,2,0,1
357,359,14,50,3,4,10,0.4,0.3,0.05,0.05,0,0,3
358,358,14,50,3,4,10,0.4,0.3,0.05,0.04,0,0,3
359,356,14,50,3,4,10,0.4,0.3,0.05,0.02,0,1,2
360,360,14,50,3,4,10,0.4,0.3,0.1,0.01,0,0,3
361,362,14,50,3,4,10,0.4,0.3,0.1,0.03,0,1,2
362,361,14,50,3,4,10,0.4,0.3,0.1,0.02,0,1,2
363,363,14,50,3,4,10,0.4,0.3,0.1,0.04,0,0,3
364,365,14,50,3,4,10,0.4,0.3,0.15,0.01,0,1,2
365,364,14,50,3,4,10,0.4,0.3,0.1,0.05,0,1,2
366,366,14,50,3,4,10,0.4,0.3,0.15,0.02,0,0,3
367,367,14,50,3,4,10,0.4,0.3,0.15,0.03,0,0,3
368,369,14,50,3,4,10,0.4,0.3,0.15,0.05,0,2,1
369,368,14,50,3,4,10,0.4,0.3,0.15,0.04,0,0,3
370,371,14,50,3,4,10,0.4,0.3,0.2,0.02,0,0,3
371,370,14,50,3,4,10,0.4,0.3,0.2,0.01,0,0,3
372,372,14,50,3,4,10,0.4,0.3,0.2,0.03,0,1,2
373,377,15,50,3,4,10,0.4,0.3,0.01,0.03,0,0,3
374,376,15,50,3,4,10,0.4,0.3,0.01,0.02,0,1,2
375,373,14,50,3,4,10,0.4,0.3,0.2,0.04,0,0,3
376,374,14,50,3,4,10,0.4,0.3,0.2,0.05,0,1,2
377,375,15,50,3,4,10,0.4,0.3,0.01,0.01,0,1,2
378,378,15,50,3,4,10,0.4,0.3,0.01,0.04,0,0,3
379,379,15,50,3,4,10,0.4,0.3,0.01,0.05,0,2,1
380,380,15,50,3,4,10,0.4,0.3,0.05,0.01,0,1,2
381,381,15,50,3,4,10,0.4,0.3,0.05,0.02,0,1,2
382,382,15,50,3,4,10,0.4,0.3,0.05,0.03,0,1,2
383,386,15,50,3,4,10,0.4,0.3,0.1,0.02,1,0,2
384,384,15,50,3,4,10,0.4,0.3,0.05,0.05,0,1,2
385,383,15,50,3,4,10,0.4,0.3,0.05,0.04,0,2,1
386,387,15,50,3,4,10,0.4,0.3,0.1,0.03,0,1,2
387,385,15,50,3,4,10,0.4,0.3,0.1,0.01,0,0,3
388,390,15,50,3,4,10,0.4,0.3,0.15,0.01,0,0,3
389,388,15,50,3,4,10,0.4,0.3,0.1,0.04,0,0,3
390,389,15,50,3,4,10,0.4,0.3,0.1,0.05,0,1,2
391,393,15,50,3,4,10,0.4,0.3,0.15,0.04,0,0,3
392,394,15,50,3,4,10,0.4,0.3,0.15,0.05,0,0,3
393,392,15,50,3,4,10,0.4,0.3,0.15,0.03,0,1,2
394,391,15,50,3,4,10,0.4,0.3,0.15,0.02,0,0,3
395,395,15,50,3,4,10,0.4,0.3,0.2,0.01,0,1,2
396,396,15,50,3,4,10,0.4,0.3,0.2,0.02,0,1,2
397,399,15,50,3,4,10,0.4,0.3,0.2,0.05,0,1,2
398,398,15,50,3,4,10,0.4,0.3,0.2,0.04,0,0,3
399,397,15,50,3,4,10,0.4,0.3,0.2,0.03,0,1,2
400,400,16,50,3,4,10,0.4,0.3,0.01,0.01,0,2,1
401,401,16,50,3,4,10,0.4,0.3,0.01,0.02,0,0,3
402,402,16,50,3,4,10,0.4,0.3,0.01,0.03,0,0,3
403,404,16,50,3,4,10,0.4,0.3,0.01,0.05,0,1,2
404,403,16,50,3,4,10,0.4,0.3,0.01,0.04,0,1,2
405,405,16,50,3,4,10,0.4,0.3,0.05,0.01,0,0,3
406,406,16,50,3,4,10,0.4,0.3,0.05,0.02,0,2,1
407,408,16,50,3,4,10,0.4,0.3,0.05,0.04,0,0,3
408,407,16,50,3,4,10,0.4,0.3,0.05,0.03,0,1,2
409,409,16,50,3,4,10,0.4,0.3,0.05,0.05,0,1,2
410,411,16,50,3,4,10,0.4,0.3,0.1,0.02,0,1,2
411,412,16,50,3,4,10,0.4,0.3,0.1,0.03,0,0,3
412,414,16,50,3,4,10,0.4,0.3,0.1,0.05,0,1,2
413,410,16,50,3,4,10,0.4,0.3,0.1,0.01,0,1,2
414,413,16,50,3,4,10,0.4,0.3,0.1,0.04,1,0,2
415,416,16,50,3,4,10,0.4,0.3,0.15,0.02,0,0,3
416,417,16,50,3,4,10,0.4,0.3,0.15,0.03,0,1,2
417,415,16,50,3,4,10,0.4,0.3,0.15,0.01,0,1,2
418,419,16,50,3,4,10,0.4,0.3,0.15,0.05,0,1,2
419,418,16,50,3,4,10,0.4,0.3,0.15,0.04,0,0,3
420,420,16,50,3,4,10,0.4,0.3,0.2,0.01,0,1,2
421,421,16,50,3,4,10,0.4,0.3,0.2,0.02,0,1,2
422,424,16,50,3,4,10,0.4,0.3,0.2,0.05,0,1,2
423,423,16,50,3,4,10,0.4,0.3,0.2,0.04,0,1,2
424,427,17,50,3,4,10,0.4,0.3,0.01,0.03,0,1,2
425,422,16,50,3,4,10,0.4,0.3,0.2,0.03,0,0,3
426,425,17,50,3,4,10,0.4,0.3,0.01,0.01,0,2,1
427,426,17,50,3,4,10,0.4,0.3,0.01,0.02,0,0,3
428,430,17,50,3,4,10,0.4,0.3,0.05,0.01,0,0,3
429,428,17,50,3,4,10,0.4,0.3,0.01,0.04,0,1,2
430,429,17,50,3,4,10,0.4,0.3,0.01,0.05,0,2,1
431,431,17,50,3,4,10,0.4,0.3,0.05,0.02,0,0,3
432,434,17,50,3,4,10,0.4,0.3,0.05,0.05,0,0,3
433,433,17,50,3,4,10,0.4,0.3,0.05,0.04,0,1,2
434,435,17,50,3,4,10,0.4,0.3,0.1,0.01,0,1,2
435,436,17,50,3,4,10,0.4,0.3,0.1,0.02,0,0,3
436,432,17,50,3,4,10,0.4,0.3,0.05,0.03,0,0,3
437,437,17,50,3,4,10,0.4,0.3,0.1,0.03,1,0,2
438,441,17,50,3,4,10,0.4,0.3,0.15,0.02,0,0,3
439,438,17,50,3,4,10,0.4,0.3,0.1,0.04,0,0,3
440,440,17,50,3,4,10,0.4,0.3,0.15,0.01,0,0,3
441,442,17,50,3,4,10,0.4,0.3,0.15,0.03,0,1,2
442,439,17,50,3,4,10,0.4,0.3,0.1,0.05,0,0,3
443,444,17,50,3,4,10,0.4,0.3,0.15,0.05,0,1,2
444,443,17,50,3,4,10,0.4,0.3,0.15,0.04,0,0,3
445,446,17,50,3,4,10,0.4,0.3,0.2,0.02,0,0,3
446,447,17,50,3,4,10,0.4,0.3,0.2,0.03,0,1,2
447,445,17,50,3,4,10,0.4,0.3,0.2,0.01,0,0,3
448,448,17,50,3,4,10,0.4,0.3,0.2,0.04,0,1,2
449,450,18,50,3,4,10,0.4,0.3,0.01,0.01,0,0,3
450,451,18,50,3,4,10,0.4,0.3,0.01,0.02,0,1,2
451,449,17,50,3,4,10,0.4,0.3,0.2,0.05,0,1,2
452,453,18,50,3,4,10,0.4,0.3,0.01,0.04,0,1,2
453,452,18,50,3,4,10,0.4,0.3,0.01,0.03,0,0,3
454,456,18,50,3,4,10,0.4,0.3,0.05,0.02,0,1,2
455,455,18,50,3,4,10,0.4,0.3,0.05,0.01,0,0,3
456,454,18,50,3,4,10,0.4,0.3,0.01,0.05,0,1,2
457,457,18,50,3,4,10,0.4,0.3,0.05,0.03,0,1,2
458,458,18,50,3,4,10,0.4,0.3,0.05,0.04,0,1,2
459,459,18,50,3,4,10,0.4,0.3,0.05,0.05,0,1,2
460,461,18,50,3,4,10,0.4,0.3,0.1,0.02,0,1,2
461,460,18,50,3,4,10,0.4,0.3,0.1,0.01,0,0,3
462,462,18,50,3,4,10,0.4,0.3,0.1,0.03,0,1,2
463,464,18,50,3,4,10,0.4,0.3,0.1,0.05,0,1,2
464,463,18,50,3,4,10,0.4,0.3,0.1,0.04,1,0,2
465,467,18,50,3,4,10,0.4,0.3,0.15,0.03,0,1,2
466,466,18,50,3,4,10,0.4,0.3,0.15,0.02,0,0,3
467,465,18,50,3,4,10,0.4,0.3,0.15,0.01,0,2,1
468,468,18,50,3,4,10,0.4,0.3,0.15,0.04,0,0,3
469,470,18,50,3,4,10,0.4,0.3,0.2,0.01,0,1,2
470,469,18,50,3,4,10,0.4,0.3,0.15,0.05,0,0,3
471,471,18,50,3,4,10,0.4,0.3,0.2,0.02,0,0,3
472,473,18,50,3,4,10,0.4,0.3,0.2,0.04,0,1,2
473,472,18,50,3,4,10,0.4,0.3,0.2,0.03,0,1,2
474,474,18,50,3,4,10,0.4,0.3,0.2,0.05,0,1,2
475,476,19,50,3,4,10,0.4,0.3,0.01,0.02,0,1,2
476,477,19,50,3,4,10,0.4,0.3,0.01,0.03,0,1,2
477,475,19,50,3,4,10,0.4,0.3,0.01,0.01,0,0,3
478,479,19,50,3,4,10,0.4,0.3,0.01,0.05,0,2,1
479,481,19,50,3,4,10,0.4,0.3,0.05,0.02,0,0,3
480,480,19,50,3,4,10,0.4,0.3,0.05,0.01,0,1,2
481,482,19,50,3,4,10,0.4,0.3,0.05,0.03,0,1,2
482,478,19,50,3,4,10,0.4,0.3,0.01,0.04,0,1,2
483,485,19,50,3,4,10,0.4,0.3,0.1,0.01,0,0,3
484,483,19,50,3,4,10,0.4,0.3,0.05,0.04,0,0,3
485,486,19,50,3,4,10,0.4,0.3,0.1,0.02,1,0,2
486,487,19,50,3,4,10,0.4,0.3,0.1,0.03,0,0,3
487,484,19,50,3,4,10,0.4,0.3,0.05,0.05,0,1,2
488,489,19,50,3,4,10,0.4,0.3,0.1,0.05,0,1,2
489,488,19,50,3,4,10,0.4,0.3,0.1,0.04,0,1,2
490,490,19,50,3,4,10,0.4,0.3,0.15,0.01,0,1,2
491,491,19,50,3,4,10,0.4,0.3,0.15,0.02,0,1,2
492,494,19,50,3,4,10,0.4,0.3,0.15,0.05,0,2,1
493,493,19,50,3,4,10,0.4,0.3,0.15,0.04,0,0,3
494,492,19,50,3,4,10,0.4,0.3,0.15,0.03,0,0,3
495,499,19,50,3,4,10,0.4,0.3,0.2,0.05,0,1,2
496,497,19,50,3,4,10,0.4,0.3,0.2,0.03,0,1,2
497,495,19,50,3,4,10,0.4,0.3,0.2,0.01,0,1,2
498,496,19,50,3,4,10,0.4,0.3,0.2,0.02,0,2,1
499,498,19,50,3,4,10,0.4,0.3,0.2,0.04,0,0,3
500,500,20,50,3,4,10,0.4,0.3,0.01,0.01,0,0,3
501,502,20,50,3,4,10,0.4,0.3,0.01,0.03,0,1,2
502,503,20,50,3,4,10,0.4,0.3,0.01,0.04,0,1,2
503,504,20,50,3,4,10,0.4,0.3,0.01,0.05,0,0,3
504,501,20,50,3,4,10,0.4,0.3,0.01,0.02,0,0,3
505,505,20,50,3,4,10,0.4,0.3,0.05,0.01,0,0,3
506,506,20,50,3,4,10,0.4,0.3,0.05,0.02,0,0,3
507,507,20,50,3,4,10,0.4,0.3,0.05,0.03,0,0,3
508,509,20,50,3,4,10,0.4,0.3,0.05,0.05,0,0,3
509,511,20,50,3,4,10,0.4,0.3,0.1,0.02,0,1,2
510,510,20,50,3,4,10,0.4,0.3,0.1,0.01,0,1,2
511,512,20,50,3,4,10,0.4,0.3,0.1,0.03,0,1,2
512,508,20,50,3,4,10,0.4,0.3,0.05,0.04,0,1,2
513,513,20,50,3,4,10,0.4,0.3,0.1,0.04,0,1,2
514,514,20,50,3,4,10,0.4,0.3,0.1,0.05,0,0,3
515,515,20,50,3,4,10,0.4,0.3,0.15,0.01,0,0,3
516,517,20,50,3,4,10,0.4,0.3,0.15,0.03,0,0,3
517,516,20,50,3,4,10,0.4,0.3,0.15,0.02,0,1,2
518,518,20,50,3,4,10,0.4,0.3,0.15,0.04,0,1,2
519,519,20,50,3,4,10,0.4,0.3,0.15,0.05,1,0,2
520,522,20,50,3,4,10,0.4,0.3,0.2,0.03,0,1,2
521,523,20,50,3,4,10,0.4,0.3,0.2,0.04,0,1,2
522,520,20,50,3,4,10,0.4,0.3,0.2,0.01,0,0,3
523,521,20,50,3,4,10,0.4,0.3,0.2,0.02,0,1,2
524,524,20,50,3,4,10,0.4,0.3,0.2,0.05,0,0,3
525,528,21,50,3,4,10,0.4,0.3,0.01,0.04,0,1,2
526,525,21,50,3,4,10,0.4,0.3,0.01,0.01,0,1,2
527,527,21,50,3,4,10,0.4,0.3,0.01,0.03,0,1,2
528,526,21,50,3,4,10,0.4,0.3,0.01,0.02,0,1,2
529,531,21,50,3,4,10,0.4,0.3,0.05,0.02,0,0,3
530,533,21,50,3,4,10,0.4,0.3,0.05,0.04,0,1,2
531,530,21,50,3,4,10,0.4,0.3,0.05,0.01,0,1,2
532,529,21,50,3,4,10,0.4,0.3,0.01,0.05,0,0,3
533,534,21,50,3,4,10,0.4,0.3,0.05,0.05,1,0,2
534,532,21,50,3,4,10,0.4,0.3,0.05,0.03,0,0,3
535,535,21,50,3,4,10,0.4,0.3,0.1,0.01,0,1,2
536,539,21,50,3,4,10,0.4,0.3,0.1,0.05,0,2,1
537,536,21,50,3,4,10,0.4,0.3,0.1,0.02,0,0,3
538,541,21,50,3,4,10,0.4,0.3,0.15,0.02,0,0,3
539,537,21,50,3,4,10,0.4,0.3,0.1,0.03,0,1,2
540,540,21,50,3,4,10,0.4,0.3,0.15,0.01,0,1,2
541,543,21,50,3,4,10,0.4,0.3,0.15,0.04,0,2,1
542,542,21,50,3,4,10,0.4,0.3,0.15,0.03,0,0,3
543,538,21,50,3,4,10,0.4,0.3,0.1,0.04,0,1,2
544,544,21,50,3,4,10,0.4,0.3,0.15,0.05,0,1,2
545,546,21,50,3,4,10,0.4,0.3,0.2,0.02,0,1,2
546,547,21,50,3,4,10,0.4,0.3,0.2,0.03,0,1,2
547,545,21,50,3,4,10,0.4,0.3,0.2,0.01,0,1,2
548,549,21,50,3,4,10,0.4,0.3,0.2,0.05,0,1,2
549,550,22,50,3,4,10,0.4,0.3,0.01,0.01,0,1,2
550,548,21,50,3,4,10,0.4,0.3,0.2,0.04,0,1,2
551,551,22,50,3,4,10,0.4,0.3,0.01,0.02,0,1,2
552,554,22,50,3,4,10,0.4,0.3,0.01,0.05,0,0,3
553,555,22,50,3,4,10,0.4,0.3,0.05,0.01,0,2,1
554,557,22,50,3,4,10,0.4,0.3,0.05,0.03,0,1,2
555,552,22,50,3,4,10,0.4,0.3,0.01,0.03,0,2,1
556,553,22,50,3,4,10,0.4,0.3,0.01,0.04,0,1,2
557,556,22,50,3,4,10,0.4,0.3,0.05,0.02,0,0,3
558,558,22,50,3,4,10,0.4,0.3,0.05,0.04,0,1,2
559,559,22,50,3,4,10,0.4,0.3,0.05,0.05,0,1,2
560,561,22,50,3,4,10,0.4,0.3,0.1,0.02,0,1,2
561,560,22,50,3,4,10,0.4,0.3,0.1,0.01,0,0,3
562,562,22,50,3,4,10,0.4,0.3,0.1,0.03,0,1,2
563,569,22,50,3,4,10,0.4,0.3,0.15,0.05,0,1,2
564,563,22,50,3,4,10,0.4,0.3,0.1,0.04,0,1,2
565,565,22,50,3,4,10,0.4,0.3,0.15,0.01,0,0,3
566,564,22,50,3,4,10,0.4,0.3,0.1,0.05,1,0,2
567,567,22,50,3,4,10,0.4,0.3,0.15,0.03,0,0,3
568,570,22,50,3,4,10,0.4,0.3,0.2,0.01,0,0,3
569,566,22,50,3,4,10,0.4,0.3,0.15,0.02,0,0,3
570,573,22,50,3,4,10,0.4,0.3,0.2,0.04,0,1,2
571,572,22,50,3,4,10,0.4,0.3,0.2,0.03,0,1,2
572,568,22,50,3,4,10,0.4,0.3,0.15,0.04,0,1,2
573,574,22,50,3,4,10,0.4,0.3,0.2,0.05,0,2,1
574,571,22,50,3,4,10,0.4,0.3,0.2,0.02,0,0,3
575,576,23,50,3,4,10,0.4,0.3,0.01,0.02,0,1,2
576,578,23,50,3,4,10,0.4,0.3,0.01,0.04,0,0,3
577,577,23,50,3,4,10,0.4,0.3,0.01,0.03,0,0,3
578,575,23,50,3,4,10,0.4,0.3,0.01,0.01,0,0,3
579,581,23,50,3,4,10,0.4,0.3,0.05,0.02,0,2,1
580,579,23,50,3,4,10,0.4,0.3,0.01,0.05,0,0,3
581,580,23,50,3,4,10,0.4,0.3,0.05,0.01,0,1,2
582,582,23,50,3,4,10,0.4,0.3,0.05,0.03,0,1,2
583,583,23,50,3,4,10,0.4,0.3,0.05,0.04,0,1,2
584,584,23,50,3,4,10,0.4,0.3,0.05,0.05,0,0,3
585,585,23,50,3,4,10,0.4,0.3,0.1,0.01,0,2,1
586,586,23,50,3,4,10,0.4,0.3,0.1,0.02,0,1,2
587,589,23,50,3,4,10,0.4,0.3,0.1,0.05,0,1,2
588,588,23,50,3,4,10,0.4,0.3,0.1,0.04,0,1,2
589,587,23,50,3,4,10,0.4,0.3,0.1,0.03,0,0,3
590,591,23,50,3,4,10,0.4,0.3,0.15,0.02,0,1,2
591,592,23,50,3,4,10,0.4,0.3,0.15,0.03,0,0,3
592,590,23,50,3,4,10,0.4,0.3,0.15,0.01,0,1,2
593,594,23,50,3,4,10,0.4,0.3,0.15,0.05,0,0,3
594,597,23,50,3,4,10,0.4,0.3,0.2,0.03,0,0,3
595,596,23,50,3,4,10,0.4,0.3,0.2,0.02,0,1,2
596,595,23,50,3,4,10,0.4,0.3,0.2,0.01,0,1,2
597,593,23,50,3,4,10,0.4,0.3,0.15,0.04,0,1,2
598,600,24,50,3,4,10,0.4,0.3,0.01,0.01,0,0,3
599,601,24,50,3,4,10,0.4,0.3,0.01,0.02,0,1,2
600,598,23,50,3,4,10,0.4,0.3,0.2,0.04,1,0,2
601,603,24,50,3,4,10,0.4,0.3,0.01,0.04,0,0,3
602,599,23,50,3,4,10,0.4,0.3,0.2,0.05,0,0,3
603,602,24,50,3,4,10,0.4,0.3,0.01,0.03,0,1,2
604,604,24,50,3,4,10,0.4,0.3,0.01,0.05,0,1,2
605,606,24,50,3,4,10,0.4,0.3,0.05,0.02,0,0,3
606,605,24,50,3,4,10,0.4,0.3,0.05,0.01,0,0,3
607,608,24,50,3,4,10,0.4,0.3,0.05,0.04,0,0,3
608,607,24,50,3,4,10,0.4,0.3,0.05,0.03,0,1,2
609,610,24,50,3,4,10,0.4,0.3,0.1,0.01,0,0,3
610,609,24,50,3,4,10,0.4,0.3,0.05,0.05,0,0,3
611,611,24,50,3,4,10,0.4,0.3,0.1,0.02,0,0,3
612,612,24,50,3,4,10,0.4,0.3,0.1,0.03,0,1,2
613,613,24,50,3,4,10,0.4,0.3,0.1,0.04,0,1,2
614,616,24,50,3,4,10,0.4,0.3,0.15,0.02,0,0,3
615,614,24,50,3,4,10,0.4,0.3,0.1,0.05,0,1,2
616,617,24,50,3,4,10,0.4,0.3,0.15,0.03,0,0,3
617,615,24,50,3,4,10,0.4,0.3,0.15,0.01,1,0,2
618,618,24,50,3,4,10,0.4,0.3,0.15,0.04,0,0,3
619,619,24,50,3,4,10,0.4,0.3,0.15,0.05,0,0,3
620,620,24,50,3,4,10,0.4,0.3,0.2,0.01,0,1,2
621,625,25,50,3,4,10,0.4,0.3,0.01,0.01,0,1,2
622,621,24,50,3,4,10,0.4,0.3,0.2,0.02,0,0,3
623,622,24,50,3,4,10,0.4,0.3,0.2,0.03,0,1,2
624,623,24,50,3,4,10,0.4,0.3,0.2,0.04,0,1,2
625,624,24,50,3,4,10,0.4,0.3,0.2,0.05,0,2,1
626,626,25,50,3,4,10,0.4,0.3,0.01,0.02,0,1,2
627,627,25,50,3,4,10,0.4,0.3,0.01,0.03,0,2,1
628,629,25,50,3,4,10,0.4,0.3,0.01,0.05,0,1,2
629,630,25,50,3,4,10,0.4,0.3,0.05,0.01,0,0,3
630,631,25,50,3,4,10,0.4,0.3,0.05,0.02,0,0,3
631,628,25,50,3,4,10,0.4,0.3,0.01,0.04,0,0,3
632,635,25,50,3,4,10,0.4,0.3,0.1,0.01,0,0,3
633,636,25,50,3,4,10,0.4,0.3,0.1,0.02,0,0,3
634,632,25,50,3,4,10,0.4,0.3,0.05,0.03,0,2,1
635,633,25,50,3,4,10,0.4,0.3,0.05,0.04,0,1,2
636,634,25,50,3,4,10,0.4,0.3,0.05,0.05,0,1,2
637,638,25,50,3,4,10,0.4,0.3,0.1,0.04,0,0,3
638,637,25,50,3,4,10,0.4,0.3,0.1,0.03,0,1,2
639,640,25,50,3,4,10,0.4,0.3,0.15,0.01,0,1,2
640,642,25,50,3,4,10,0.4,0.3,0.15,0.03,0,1,2
641,639,25,50,3,4,10,0.4,0.3,0.1,0.05,0,3,0
642,643,25,50,3,4,10,0.4,0.3,0.15,0.04,0,1,2
643,641,25,50,3,4,10,0.4,0.3,0.15,0.02,0,0,3
644,645,25,50,3,4,10,0.4,0.3,0.2,0.01,0,1,2
645,646,25,50,3,4,10,0.4,0.3,0.2,0.02,0,0,3
646,644,25,50,3,4,10,0.4,0.3,0.15,0.05,0,0,3
647,647,25,50,3,4,10,0.4,0.3,0.2,0.03,2,0,1
648,648,25,50,3,4,10,0.4,0.3,0.2,0.04,0,2,1
649,651,26,50,3,4,10,0.4,0.3,0.01,0.02,0,0,3
650,650,26,50,3,4,10,0.4,0.3,0.01,0.01,0,0,3
651,649,25,50,3,4,10,0.4,0.3,0.2,0.05,0,1,2
652,653,26,50,3,4,10,0.4,0.3,0.01,0.04,0,1,2
653,652,26,50,3,4,10,0.4,0.3,0.01,0.03,0,0,3
654,654,26,50,3,4,10,0.4,0.3,0.01,0.05,0,1,2
655,657,26,50,3,4,10,0.4,0.3,0.05,0.03,0,1,2
656,655,26,50,3,4,10,0.4,0.3,0.05,0.01,0,0,3
657,656,26,50,3,4,10,0.4,0.3,0.05,0.02,0,1,2
658,658,26,50,3,4,10,0.4,0.3,0.05,0.04,0,0,3
659,659,26,50,3,4,10,0.4,0.3,0.05,0.05,0,1,2
660,662,26,50,3,4,10,0.4,0.3,0.1,0.03,0,0,3
661,661,26,50,3,4,10,0.4,0.3,0.1,0.02,0,1,2
662,660,26,50,3,4,10,0.4,0.3,0.1,0.01,0,1,2
663,664,26,50,3,4,10,0.4,0.3,0.1,0.05,0,2,1
664,665,26,50,3,4,10,0.4,0.3,0.15,0.01,0,1,2
665,663,26,50,3,4,10,0.4,0.3,0.1,0.04,0,1,2
666,668,26,50,3,4,10,0.4,0.3,0.15,0.04,0,1,2
667,666,26,50,3,4,10,0.4,0.3,0.15,0.02,0,1,2
668,667,26,50,3,4,10,0.4,0.3,0.15,0.03,0,0,3
669,669,26,50,3,4,10,0.4,0.3,0.15,0.05,0,1,2
670,671,26,50,3,4,10,0.4,0.3,0.2,0.02,0,1,2
671,670,26,50,3,4,10,0.4,0.3,0.2,0.01,1,0,2
672,672,26,50,3,4,10,0.4,0.3,0.2,0.03,0,1,2
673,673,26,50,3,4,10,0.4,0.3,0.2,0.04,0,2,1
674,674,26,50,3,4,10,0.4,0.3,0.2,0.05,0,0,3
675,677,27,50,3,4,10,0.4,0.3,0.01,0.03,0,0,3
676,675,27,50,3,4,10,0.4,0.3,0.01,0.01,0,1,2
677,676,27,50,3,4,10,0.4,0.3,0.01,0.02,0,0,3
678,679,27,50,3,4,10,0.4,0.3,0.01,0.05,0,0,3
679,682,27,50,3,4,10,0.4,0.3,0.05,0.03,0,1,2
680,681,27,50,3,4,10,0.4,0.3,0.05,0.02,0,0,3
681,678,27,50,3,4,10,0.4,0.3,0.01,0.04,0,2,1
682,680,27,50,3,4,10,0.4,0.3,0.05,0.01,0,0,3
683,684,27,50,3,4,10,0.4,0.3,0.05,0.05,0,1,2
684,685,27,50,3,4,10,0.4,0.3,0.1,0.01,0,0,3
685,683,27,50,3,4,10,0.4,0.3,0.05,0.04,0,1,2
686,686,27,50,3,4,10,0.4,0.3,0.1,0.02,0,1,2
687,687,27,50,3,4,10,0.4,0.3,0.1,0.03,0,1,2
688,689,27,50,3,4,10,0.4,0.3,0.1,0.05,0,0,3
689,688,27,50,3,4,10,0.4,0.3,0.1,0.04,0,1,2
690,690,27,50,3,4,10,0.4,0.3,0.15,0.01,0,1,2
691,691,27,50,3,4,10,0.4,0.3,0.15,0.02,0,1,2
692,692,27,50,3,4,10,0.4,0.3,0.15,0.03,0,1,2
693,694,27,50,3,4,10,0.4,0.3,0.15,0.05,0,0,3
694,695,27,50,3,4,10,0.4,0.3,0.2,0.01,0,0,3
695,693,27,50,3,4,10,0.4,0.3,0.15,0.04,0,1,2
696,698,27,50,3,4,10,0.4,0.3,0.2,0.04,0,2,1
697,696,27,50,3,4,10,0.4,0.3,0.2,0.02,0,2,1
698,697,27,50,3,4,10,0.4,0.3,0.2,0.03,0,1,2
699,699,27,50,3,4,10,0.4,0.3,0.2,0.05,0,1,2
700,700,28,50,3,4,10,0.4,0.3,0.01,0.01,0,0,3
701,702,28,50,3,4,10,0.4,0.3,0.01,0.03,0,0,3
702,701,28,50,3,4,10,0.4,0.3,0.01,0.02,0,0,3
703,703,28,50,3,4,10,0.4,0.3,0.01,0.04,0,1,2
704,706,28,50,3,4,10,0.4,0.3,0.05,0.02,0,1,2
705,704,28,50,3,4,10,0.4,0.3,0.01,0.05,0,2,1
706,707,28,50,3,4,10,0.4,0.3,0.05,0.03,0,0,3
707,705,28,50,3,4,10,0.4,0.3,0.05,0.01,0,0,3
708,711,28,50,3,4,10,0.4,0.3,0.1,0.02,0,0,3
709,708,28,50,3,4,10,0.4,0.3,0.05,0.04,0,0,3
710,709,28,50,3,4,10,0.4,0.3,0.05,0.05,0,1,2
711,710,28,50,3,4,10,0.4,0.3,0.1,0.01,0,0,3
712,712,28,50,3,4,10,0.4,0.3,0.1,0.03,0,0,3
713,714,28,50,3,4,10,0.4,0.3,0.1,0.05,0,1,2
714,715,28,50,3,4,10,0.4,0.3,0.15,0.01,0,1,2
715,713,28,50,3,4,10,0.4,0.3,0.1,0.04,0,1,2
716,716,28,50,3,4,10,0.4,0.3,0.15,0.02,0,1,2
717,717,28,50,3,4,10,0.4,0.3,0.15,0.03,0,0,3
718,718,28,50,3,4,10,0.4,0.3,0.15,0.04,0,0,3
719,720,28,50,3,4,10,0.4,0.3,0.2,0.01,0,1,2
720,719,28,50,3,4,10,0.4,0.3,0.15,0.05,0,1,2
721,721,28,50,3,4,10,0.4,0.3,0.2,0.02,0,2,1
722,722,28,50,3,4,10,0.4,0.3,0.2,0.03,0,1,2
723,724,28,50,3,4,10,0.4,0.3,0.2,0.05,0,0,3
724,723,28,50,3,4,10,0.4,0.3,0.2,0.04,0,0,3
725,725,29,50,3,4,10,0.4,0.3,0.01,0.01,0,1,2
726,727,29,50,3,4,10,0.4,0.3,0.01,0.03,0,1,2
727,726,29,50,3,4,10,0.4,0.3,0.01,0.02,0,1,2
728,728,29,50,3,4,10,0.4,0.3,0.01,0.04,0,1,2
729,733,29,50,3,4,10,0.4,0.3,0.05,0.04,0,1,2
730,729,29,50,3,4,10,0.4,0.3,0.01,0.05,0,0,3
731,730,29,50,3,4,10,0.4,0.3,0.05,0.01,0,0,3
732,731,29,50,3,4,10,0.4,0.3,0.05,0.02,0,0,3
733,732,29,50,3,4,10,0.4,0.3,0.05,0.03,0,1,2
734,734,29,50,3,4,10,0.4,0.3,0.05,0.05,0,1,2
735,735,29,50,3,4,10,0.4,0.3,0.1,0.01,0,0,3
736,737,29,50,3,4,10,0.4,0.3,0.1,0.03,0,0,3
737,736,29,50,3,4,10,0.4,0.3,0.1,0.02,0,1,2
738,738,29,50,3,4,10,0.4,0.3,0.1,0.04,0,0,3
739,741,29,50,3,4,10,0.4,0.3,0.15,0.02,0,1,2
740,740,29,50,3,4,10,0.4,0.3,0.15,0.01,0,0,3
741,739,29,50,3,4,10,0.4,0.3,0.1,0.05,0,0,3
742,743,29,50,3,4,10,0.4,0.3,0.15,0.04,0,1,2
743,742,29,50,3,4,10,0.4,0.3,0.15,0.03,0,0,3
744,744,29,50,3,4,10,0.4,0.3,0.15,0.05,0,0,3
745,745,29,50,3,4,10,0.4,0.3,0.2,0.01,0,1,2
746,747,29,50,3,4,10,0.4,0.3,0.2,0.03,0,0,3
747,748,29,50,3,4,10,0.4,0.3,0.2,0.04,0,1,2
748,746,29,50,3,4,10,0.4,0.3,0.2,0.02,0,1,2
749,750,30,50,3,4,10,0.4,0.3,0.01,0.01,0,0,3
750,749,29,50,3,4,10,0.4,0.3,0.2,0.05,0,1,2
751,752,30,50,3,4,10,0.4,0.3,0.01,0.03,0,1,2
752,751,30,50,3,4,10,0.4,0.3,0.01,0.02,0,1,2
753,755,30,50,3,4,10,0.4,0.3,0.05,0.01,0,0,3
754,753,30,50,3,4,10,0.4,0.3,0.01,0.04,0,1,2
755,756,30,50,3,4,10,0.4,0.3,0.05,0.02,0,1,2
756,754,30,50,3,4,10,0.4,0.3,0.01,0.05,0,1,2
757,757,30,50,3,4,10,0.4,0.3,0.05,0.03,0,1,2
758,761,30,50,3,4,10,0.4,0.3,0.1,0.02,0,2,1
759,759,30,50,3,4,10,0.4,0.3,0.05,0.05,0,0,3
760,758,30,50,3,4,10,0.4,0.3,0.05,0.04,0,0,3
761,760,30,50,3,4,10,0.4,0.3,0.1,0.01,0,1,2
762,764,30,50,3,4,10,0.4,0.3,0.1,0.05,0,0,3
763,762,30,50,3,4,10,0.4,0.3,0.1,0.03,0,1,2
764,763,30,50,3,4,10,0.4,0.3,0.1,0.04,0,1,2
765,765,30,50,3,4,10,0.4,0.3,0.15,0.01,0,0,3
766,767,30,50,3,4,10,0.4,0.3,0.15,0.03,1,0,2
767,768,30,50,3,4,10,0.4,0.3,0.15,0.04,0,0,3
768,769,30,50,3,4,10,0.4,0.3,0.15,0.05,0,2,1
769,766,30,50,3,4,10,0.4,0.3,0.15,0.02,0,1,2
770,770,30,50,3,4,10,0.4,0.3,0.2,0.01,0,0,3
771,772,30,50,3,4,10,0.4,0.3,0.2,0.03,0,1,2
772,773,30,50,3,4,10,0.4,0.3,0.2,0.04,0,1,2
773,774,30,50,3,4,10,0.4,0.3,0.2,0.05,0,1,2
774,771,30,50,3,4,10,0.4,0.3,0.2,0.02,0,0,3
775,776,31,50,3,4,10,0.4,0.3,0.01,0.02,0,1,2
776,775,31,50,3,4,10,0.4,0.3,0.01,0.01,0,1,2
777,777,31,50,3,4,10,0.4,0.3,0.01,0.03,0,0,3
778,778,31,50,3,4,10,0.4,0.3,0.01,0.04,0,0,3
779,781,31,50,3,4,10,0.4,0.3,0.05,0.02,0,1,2
780,779,31,50,3,4,10,0.4,0.3,0.01,0.05,0,1,2
781,782,31,50,3,4,10,0.4,0.3,0.05,0.03,0,1,2
782,780,31,50,3,4,10,0.4,0.3,0.05,0.01,0,0,3
783,783,31,50,3,4,10,0.4,0.3,0.05,0.04,0,1,2
784,784,31,50,3,4,10,0.4,0.3,0.05,0.05,0,0,3
785,786,31,50,3,4,10,0.4,0.3,0.1,0.02,0,2,1
786,787,31,50,3,4,10,0.4,0.3,0.1,0.03,0,1,2
787,785,31,50,3,4,10,0.4,0.3,0.1,0.01,0,0,3
788,789,31,50,3,4,10,0.4,0.3,0.1,0.05,0,1,2
789,788,31,50,3,4,10,0.4,0.3,0.1,0.04,1,1,1
790,792,31,50,3,4,10,0.4,0.3,0.15,0.03,0,1,2
791,790,31,50,3,4,10,0.4,0.3,0.15,0.01,0,0,3
792,793,31,50,3,4,10,0.4,0.3,0.15,0.04,0,0,3
793,791,31,50,3,4,10,0.4,0.3,0.15,0.02,0,1,2
794,794,31,50,3,4,10,0.4,0.3,0.15,0.05,0,0,3
795,796,31,50,3,4,10,0.4,0.3,0.2,0.02,0,1,2
796,795,31,50,3,4,10,0.4,0.3,0.2,0.01,0,1,2
797,797,31,50,3,4,10,0.4,0.3,0.2,0.03,0,1,2
798,801,32,50,3,4,10,0.4,0.3,0.01,0.02,0,0,3
799,799,31,50,3,4,10,0.4,0.3,0.2,0.05,0,2,1
800,800,32,50,3,4,10,0.4,0.3,0.01,0.01,0,2,1
801,798,31,50,3,4,10,0.4,0.3,0.2,0.04,1,0,2
802,803,32,50,3,4,10,0.4,0.3,0.01,0.04,0,0,3
803,805,32,50,3,4,10,0.4,0.3,0.05,0.01,0,0,3
804,802,32,50,3,4,10,0.4,0.3,0.01,0.03,0,0,3
805,804,32,50,3,4,10,0.4,0.3,0.01,0.05,0,0,3
806,806,32,50,3,4,10,0.4,0.3,0.05,0.02,0,2,1
807,807,32,50,3,4,10,0.4,0.3,0.05,0.03,0,1,2
808,809,32,50,3,4,10,0.4,0.3,0.05,0.05,0,1,2
809,808,32,50,3,4,10,0.4,0.3,0.05,0.04,0,0,3
810,812,32,50,3,4,10,0.4,0.3,0.1,0.03,0,0,3
811,810,32,50,3,4,10,0.4,0.3,0.1,0.01,0,1,2
812,811,32,50,3,4,10,0.4,0.3,0.1,0.02,0,0,3
813,813,32,50,3,4,10,0.4,0.3,0.1,0.04,0,1,2
814,814,32,50,3,4,10,0.4,0.3,0.1,0.05,0,1,2
815,815,32,50,3,4,10,0.4,0.3,0.15,0.01,0,1,2
816,817,32,50,3,4,10,0.4,0.3,0.15,0.03,0,1,2
817,816,32,50,3,4,10,0.4,0.3,0.15,0.02,0,0,3
818,818,32,50,3,4,10,0.4,0.3,0.15,0.04,0,1,2
819,819,32,50,3,4,10,0.4,0.3,0.15,0.05,0,2,1
820,820,32,50,3,4,10,0.4,0.3,0.2,0.01,0,1,2
821,821,32,50,3,4,10,0.4,0.3,0.2,0.02,0,0,3
822,823,32,50,3,4,10,0.4,0.3,0.2,0.04,0,1,2
823,822,32,50,3,4,10,0.4,0.3,0.2,0.03,0,0,3
824,824,32,50,3,4,10,0.4,0.3,0.2,0.05,0,2,1
825,826,33,50,3,4,10,0.4,0.3,0.01,0.02,1,0,2
826,825,33,50,3,4,10,0.4,0.3,0.01,0.01,0,1,2
827,827,33,50,3,4,10,0.4,0.3,0.01,0.03,0,0,3
828,829,33,50,3,4,10,0.4,0.3,0.01,0.05,0,2,1
829,828,33,50,3,4,10,0.4,0.3,0.01,0.04,0,1,2
830,831,33,50,3,4,10,0.4,0.3,0.05,0.02,0,1,2
831,830,33,50,3,4,10,0.4,0.3,0.05,0.01,1,0,2
832,832,33,50,3,4,10,0.4,0.3,0.05,0.03,0,1,2
833,833,33,50,3,4,10,0.4,0.3,0.05,0.04,0,1,2
834,837,33,50,3,4,10,0.4,0.3,0.1,0.03,0,1,2
835,836,33,50,3,4,10,0.4,0.3,0.1,0.02,0,0,3
836,834,33,50,3,4,10,0.4,0.3,0.05,0.05,0,1,2
837,838,33,50,3,4,10,0.4,0.3,0.1,0.04,0,1,2
838,835,33,50,3,4,10,0.4,0.3,0.1,0.01,0,0,3
839,839,33,50,3,4,10,0.4,0.3,0.1,0.05,0,0,3
840,840,33,50,3,4,10,0.4,0.3,0.15,0.01,0,1,2
841,841,33,50,3,4,10,0.4,0.3,0.15,0.02,0,2,1
842,842,33,50,3,4,10,0.4,0.3,0.15,0.03,0,1,2
843,843,33,50,3,4,10,0.4,0.3,0.15,0.04,0,0,3
844,845,33,50,3,4,10,0.4,0.3,0.2,0.01,0,1,2
845,844,33,50,3,4,10,0.4,0.3,0.15,0.05,0,1,2
846,847,33,50,3,4,10,0.4,0.3,0.2,0.03,0,0,3
847,846,33,50,3,4,10,0.4,0.3,0.2,0.02,0,2,1
848,848,33,50,3,4,10,0.4,0.3,0.2,0.04,0,0,3
849,849,33,50,3,4,10,0.4,0.3,0.2,0.05,0,0,3
850,850,34,50,3,4,10,0.4,0.3,0.01,0.01,0,0,3
851,851,34,50,3,4,10,0.4,0.3,0.01,0.02,0,1,2
852,853,34,50,3,4,10,0.4,0.3,0.01,0.04,0,1,2
853,854,34,50,3,4,10,0.4,0.3,0.01,0.05,0,0,3
854,852,34,50,3,4,10,0.4,0.3,0.01,0.03,0,0,3
855,855,34,50,3,4,10,0.4,0.3,0.05,0.01,0,1,2
856,856,34,50,3,4,10,0.4,0.3,0.05,0.02,0,1,2
857,859,34,50,3,4,10,0.4,0.3,0.05,0.05,0,0,3
858,857,34,50,3,4,10,0.4,0.3,0.05,0.03,0,1,2
859,858,34,50,3,4,10,0.4,0.3,0.05,0.04,0,1,2
860,861,34,50,3,4,10,0.4,0.3,0.1,0.02,0,0,3
861,860,34,50,3,4,10,0.4,0.3,0.1,0.01,1,0,2
862,864,34,50,3,4,10,0.4,0.3,0.1,0.05,0,0,3
863,862,34,50,3,4,10,0.4,0.3,0.1,0.03,0,1,2
864,863,34,50,3,4,10,0.4,0.3,0.1,0.04,0,2,1
865,865,34,50,3,4,10,0.4,0.3,0.15,0.01,0,1,2
866,866,34,50,3,4,10,0.4,0.3,0.15,0.02,0,1,2
867,867,34,50,3,4,10,0.4,0.3,0.15,0.03,0,0,3
868,868,34,50,3,4,10,0.4,0.3,0.15,0.04,0,0,3
869,869,34,50,3,4,10,0.4,0.3,0.15,0.05,0,2,1
870,870,34,50,3,4,10,0.4,0.3,0.2,0.01,0,0,3
871,871,34,50,3,4,10,0.4,0.3,0.2,0.02,0,1,2
872,872,34,50,3,4,10,0.4,0.3,0.2,0.03,0,1,2
873,873,34,50,3,4,10,0.4,0.3,0.2,0.04,0,1,2
874,878,35,50,3,4,10,0.4,0.3,0.01,0.04,0,2,1
875,874,34,50,3,4,10,0.4,0.3,0.2,0.05,0,2,1
876,875,35,50,3,4,10,0.4,0.3,0.01,0.01,0,1,2
877,876,35,50,3,4,10,0.4,0.3,0.01,0.02,0,0,3
878,877,35,50,3,4,10,0.4,0.3,0.01,0.03,0,1,2
879,880,35,50,3,4,10,0.4,0.3,0.05,0.01,0,0,3
880,879,35,50,3,4,10,0.4,0.3,0.01,0.05,0,1,2
881,882,35,50,3,4,10,0.4,0.3,0.05,0.03,0,0,3
882,883,35,50,3,4,10,0.4,0.3,0.05,0.04,0,1,2
883,884,35,50,3,4,10,0.4,0.3,0.05,0.05,0,2,1
884,886,35,50,3,4,10,0.4,0.3,0.1,0.02,0,0,3
885,881,35,50,3,4,10,0.4,0.3,0.05,0.02,0,0,3
886,885,35,50,3,4,10,0.4,0.3,0.1,0.01,0,1,2
887,887,35,50,3,4,10,0.4,0.3,0.1,0.03,0,0,3
888,888,35,50,3,4,10,0.4,0.3,0.1,0.04,0,0,3
889,892,35,50,3,4,10,0.4,0.3,0.15,0.03,0,0,3
890,891,35,50,3,4,10,0.4,0.3,0.15,0.02,0,0,3
891,890,35,50,3,4,10,0.4,0.3,0.15,0.01,0,1,2
892,893,35,50,3,4,10,0.4,0.3,0.15,0.04,0,1,2
893,889,35,50,3,4,10,0.4,0.3,0.1,0.05,0,1,2
894,894,35,50,3,4,10,0.4,0.3,0.15,0.05,0,1,2
895,895,35,50,3,4,10,0.4,0.3,0.2,0.01,0,1,2
896,898,35,50,3,4,10,0.4,0.3,0.2,0.04,0,1,2
897,896,35,50,3,4,10,0.4,0.3,0.2,0.02,0,1,2
898,899,35,50,3,4,10,0.4,0.3,0.2,0.05,0,1,2
899,900,36,50,3,4,10,0.4,0.3,0.01,0.01,0,1,2
900,897,35,50,3,4,10,0.4,0.3,0.2,0.03,0,0,3
901,901,36,50,3,4,10,0.4,0.3,0.01,0.02,0,0,3
902,904,36,50,3,4,10,0.4,0.3,0.01,0.05,0,1,2
903,902,36,50,3,4,10,0.4,0.3,0.01,0.03,0,2,1
904,903,36,50,3,4,10,0.4,0.3,0.01,0.04,0,1,2
905,907,36,50,3,4,10,0.4,0.3,0.05,0.03,0,1,2
906,905,36,50,3,4,10,0.4,0.3,0.05,0.01,0,2,1
907,906,36,50,3,4,10,0.4,0.3,0.05,0.02,0,0,3
908,913,36,50,3,4,10,0.4,0.3,0.1,0.04,0,0,3
909,908,36,50,3,4,10,0.4,0.3,0.05,0.04,0,0,3
910,911,36,50,3,4,10,0.4,0.3,0.1,0.02,0,1,2
911,910,36,50,3,4,10,0.4,0.3,0.1,0.01,0,2,1
912,912,36,50,3,4,10,0.4,0.3,0.1,0.03,0,0,3
913,915,36,50,3,4,10,0.4,0.3,0.15,0.01,0,0,3
914,909,36,50,3,4,10,0.4,0.3,0.05,0.05,0,1,2
915,914,36,50,3,4,10,0.4,0.3,0.1,0.05,0,1,2
916,916,36,50,3,4,10,0.4,0.3,0.15,0.02,0,0,3
917,917,36,50,3,4,10,0.4,0.3,0.15,0.03,0,0,3
918,918,36,50,3,4,10,0.4,0.3,0.15,0.04,0,0,3
919,920,36,50,3,4,10,0.4,0.3,0.2,0.01,0,1,2
920,919,36,50,3,4,10,0.4,0.3,0.15,0.05,0,1,2
921,923,36,50,3,4,10,0.4,0.3,0.2,0.04,0,1,2
922,924,36,50,3,4,10,0.4,0.3,0.2,0.05,0,1,2
923,922,36,50,3,4,10,0.4,0.3,0.2,0.03,0,1,2
924,921,36,50,3,4,10,0.4,0.3,0.2,0.02,0,0,3
925,926,37,50,3,4,10,0.4,0.3,0.01,0.02,0,0,3
926,927,37,50,3,4,10,0.4,0.3,0.01,0.03,0,0,3
927,929,37,50,3,4,10,0.4,0.3,0.01,0.05,0,0,3
928,925,37,50,3,4,10,0.4,0.3,0.01,0.01,0,1,2
929,931,37,50,3,4,10,0.4,0.3,0.05,0.02,0,1,2
930,928,37,50,3,4,10,0.4,0.3,0.01,0.04,0,1,2
931,933,37,50,3,4,10,0.4,0.3,0.05,0.04,0,1,2
932,930,37,50,3,4,10,0.4,0.3,0.05,0.01,0,1,2
933,934,37,50,3,4,10,0.4,0.3,0.05,0.05,0,0,3
934,935,37,50,3,4,10,0.4,0.3,0.1,0.01,0,1,2
935,936,37,50,3,4,10,0.4,0.3,0.1,0.02,0,0,3
936,932,37,50,3,4,10,0.4,0.3,0.05,0.03,0,1,2
937,938,37,50,3,4,10,0.4,0.3,0.1,0.04,0,1,2
938,937,37,50,3,4,10,0.4,0.3,0.1,0.03,0,1,2
939,939,37,50,3,4,10,0.4,0.3,0.1,0.05,0,1,2
940,941,37,50,3,4,10,0.4,0.3,0.15,0.02,0,2,1
941,940,37,50,3,4,10,0.4,0.3,0.15,0.01,0,0,3
942,942,37,50,3,4,10,0.4,0.3,0.15,0.03,0,1,2
943,945,37,50,3,4,10,0.4,0.3,0.2,0.01,0,0,3
944,943,37,50,3,4,10,0.4,0.3,0.15,0.04,0,1,2
945,944,37,50,3,4,10,0.4,0.3,0.15,0.05,0,0,3
946,946,37,50,3,4,10,0.4,0.3,0.2,0.02,0,1,2
947,949,37,50,3,4,10,0.4,0.3,0.2,0.05,0,1,2
948,947,37,50,3,4,10,0.4,0.3,0.2,0.03,0,0,3
949,955,38,50,3,4,10,0.4,0.3,0.05,0.01,0,0,3
950,948,37,50,3,4,10,0.4,0.3,0.2,0.04,0,1,2
951,957,38,50,3,4,10,0.4,0.3,0.05,0.03,0,0,3
952,950,38,50,3,4,10,0.4,0.3,0.01,0.01,0,0,3
953,956,38,50,3,4,10,0.4,0.3,0.05,0.02,0,0,3
954,952,38,50,3,4,10,0.4,0.3,0.01,0.03,0,0,3
955,953,38,50,3,4,10,0.4,0.3,0.01,0.04,0,1,2
956,959,38,50,3,4,10,0.4,0.3,0.05,0.05,0,0,3
957,960,38,50,3,4,10,0.4,0.3,0.1,0.01,0,1,2
958,954,38,50,3,4,10,0.4,0.3,0.01,0.05,0,0,3
959,958,38,50,3,4,10,0.4,0.3,0.05,0.04,0,0,3
960,951,38,50,3,4,10,0.4,0.3,0.01,0.02,0,0,3
961,966,38,50,3,4,10,0.4,0.3,0.15,0.02,0,1,2
962,967,38,50,3,4,10,0.4,0.3,0.15,0.03,0,0,3
963,964,38,50,3,4,10,0.4,0.3,0.1,0.05,0,0,3
964,961,38,50,3,4,10,0.4,0.3,0.1,0.02,0,0,3
965,963,38,50,3,4,10,0.4,0.3,0.1,0.04,0,0,3
966,962,38,50,3,4,10,0.4,0.3,0.1,0.03,0,1,2
967,970,38,50,3,4,10,0.4,0.3,0.2,0.01,0,1,2
968,965,38,50,3,4,10,0.4,0.3,0.15,0.01,0,0,3
969,968,38,50,3,4,10,0.4,0.3,0.15,0.04,0,0,3
970,969,38,50,3,4,10,0.4,0.3,0.15,0.05,0,1,2
971,971,38,50,3,4,10,0.4,0.3,0.2,0.02,0,0,3
972,972,38,50,3,4,10,0.4,0.3,0.2,0.03,1,0,2
973,975,39,50,3,4,10,0.4,0.3,0.01,0.01,0,1,2
974,973,38,50,3,4,10,0.4,0.3,0.2,0.04,0,1,2
975,976,39,50,3,4,10,0.4,0.3,0.01,0.02,0,0,3
976,974,38,50,3,4,10,0.4,0.3,0.2,0.05,0,1,2
977,977,39,50,3,4,10,0.4,0.3,0.01,0.03,0,0,3
978,979,39,50,3,4,10,0.4,0.3,0.01,0.05,0,1,2
979,980,39,50,3,4,10,0.4,0.3,0.05,0.01,0,0,3
980,978,39,50,3,4,10,0.4,0.3,0.01,0.04,0,1,2
981,981,39,50,3,4,10,0.4,0.3,0.05,0.02,0,0,3
982,982,39,50,3,4,10,0.4,0.3,0.05,0.03,0,0,3
983,984,39,50,3,4,10,0.4,0.3,0.05,0.05,0,0,3
984,983,39,50,3,4,10,0.4,0.3,0.05,0.04,0,0,3
985,985,39,50,3,4,10,0.4,0.3,0.1,0.01,0,1,2
986,986,39,50,3,4,10,0.4,0.3,0.1,0.02,0,0,3
987,987,39,50,3,4,10,0.4,0.3,0.1,0.03,0,1,2
988,989,39,50,3,4,10,0.4,0.3,0.1,0.05,0,2,1
989,990,39,50,3,4,10,0.4,0.3,0.15,0.01,0,1,2
990,988,39,50,3,4,10,0.4,0.3,0.1,0.04,0,0,3
991,991,39,50,3,4,10,0.4,0.3,0.15,0.02,0,1,2
992,994,39,50,3,4,10,0.4,0.3,0.15,0.05,0,0,3
993,992,39,50,3,4,10,0.4,0.3,0.15,0.03,0,2,1
994,993,39,50,3,4,10,0.4,0.3,0.15,0.04,0,0,3
995,999,39,50,3,4,10,0.4,0.3,0.2,0.05,0,2,1
996,995,39,50,3,4,10,0.4,0.3,0.2,0.01,0,0,3
997,996,39,50,3,4,10,0.4,0.3,0.2,0.02,0,1,2
998,998,39,50,3,4,10,0.4,0.3,0.2,0.04,0,0,3
999,1000,40,50,3,4,10,0.4,0.3,0.01,0.01,0,0,3
1000,1003,40,50,3,4,10,0.4,0.3,0.01,0.04,0,0,3
1001,997,39,50,3,4,10,0.4,0.3,0.2,0.03,2,0,1
1002,1001,40,50,3,4,10,0.4,0.3,0.01,0.02,0,0,3
1003,1002,40,50,3,4,10,0.4,0.3,0.01,0.03,0,1,2
1004,1004,40,50,3,4,10,0.4,0.3,0.01,0.05,0,0,3
1005,1007,40,50,3,4,10,0.4,0.3,0.05,0.03,0,1,2
1006,1005,40,50,3,4,10,0.4,0.3,0.05,0.01,2,0,1
1007,1008,40,50,3,4,10,0.4,0.3,0.05,0.04,0,1,2
1008,1006,40,50,3,4,10,0.4,0.3,0.05,0.02,0,0,3
1009,1009,40,50,3,4,10,0.4,0.3,0.05,0.05,0,1,2
1010,1011,40,50,3,4,10,0.4,0.3,0.1,0.02,0,1,2
1011,1012,40,50,3,4,10,0.4,0.3,0.1,0.03,0,2,1
1012,1010,40,50,3,4,10,0.4,0.3,0.1,0.01,2,0,1
1013,1015,40,50,3,4,10,0.4,0.3,0.15,0.01,0,1,2
1014,1014,40,50,3,4,10,0.4,0.3,0.1,0.05,0,1,2
1015,1013,40,50,3,4,10,0.4,0.3,0.1,0.04,0,0,3
1016,1016,40,50,3,4,10,0.4,0.3,0.15,0.02,0,0,3
1017,1017,40,50,3,4,10,0.4,0.3,0.15,0.03,0,0,3
1018,1018,40,50,3,4,10,0.4,0.3,0.15,0.04,0,1,2
1019,1019,40,50,3,4,10,0.4,0.3,0.15,0.05,0,1,2
1020,1023,40,50,3,4,10,0.4,0.3,0.2,0.04,0,0,3
1021,1021,40,50,3,4,10,0.4,0.3,0.2,0.02,0,1,2
1022,1020,40,50,3,4,10,0.4,0.3,0.2,0.01,0,1,2
1023,1024,40,50,3,4,10,0.4,0.3,0.2,0.05,0,0,3
1024,1022,40,50,3,4,10,0.4,0.3,0.2,0.03,0,0,3
1025,1026,41,50,3,4,10,0.4,0.3,0.01,0.02,0,0,3
1026,1027,41,50,3,4,10,0.4,0.3,0.01,0.03,0,1,2
1027,1028,41,50,3,4,10,0.4,0.3,0.01,0.04,0,1,2
1028,1025,41,50,3,4,10,0.4,0.3,0.01,0.01,0,1,2
1029,1031,41,50,3,4,10,0.4,0.3,0.05,0.02,0,2,1
1030,1029,41,50,3,4,10,0.4,0.3,0.01,0.05,0,1,2
1031,1032,41,50,3,4,10,0.4,0.3,0.05,0.03,0,0,3
1032,1030,41,50,3,4,10,0.4,0.3,0.05,0.01,0,0,3
1033,1033,41,50,3,4,10,0.4,0.3,0.05,0.04,0,0,3
1034,1034,41,50,3,4,10,0.4,0.3,0.05,0.05,0,1,2
1035,1035,41,50,3,4,10,0.4,0.3,0.1,0.01,0,0,3
1036,1038,41,50,3,4,10,0.4,0.3,0.1,0.04,0,0,3
1037,1037,41,50,3,4,10,0.4,0.3,0.1,0.03,0,1,2
1038,1036,41,50,3,4,10,0.4,0.3,0.1,0.02,0,1,2
1039,1039,41,50,3,4,10,0.4,0.3,0.1,0.05,0,2,1
1040,1041,41,50,3,4,10,0.4,0.3,0.15,0.02,0,0,3
1041,1040,41,50,3,4,10,0.4,0.3,0.15,0.01,0,1,2
1042,1043,41,50,3,4,10,0.4,0.3,0.15,0.04,0,0,3
1043,1042,41,50,3,4,10,0.4,0.3,0.15,0.03,0,1,2
1044,1044,41,50,3,4,10,0.4,0.3,0.15,0.05,0,0,3
1045,1045,41,50,3,4,10,0.4,0.3,0.2,0.01,0,0,3
1046,1046,41,50,3,4,10,0.4,0.3,0.2,0.02,0,1,2
1047,1048,41,50,3,4,10,0.4,0.3,0.2,0.04,0,1,2
1048,1049,41,50,3,4,10,0.4,0.3,0.2,0.05,0,1,2
1049,1050,42,50,3,4,10,0.4,0.3,0.01,0.01,0,0,3
1050,1047,41,50,3,4,10,0.4,0.3,0.2,0.03,1,0,2
1051,1052,42,50,3,4,10,0.4,0.3,0.01,0.03,0,0,3
1052,1055,42,50,3,4,10,0.4,0.3,0.05,0.01,0,2,1
1053,1054,42,50,3,4,10,0.4,0.3,0.01,0.05,0,1,2
1054,1053,42,50,3,4,10,0.4,0.3,0.01,0.04,0,0,3
1055,1051,42,50,3,4,10,0.4,0.3,0.01,0.02,0,1,2
1056,1056,42,50,3,4,10,0.4,0.3,0.05,0.02,0,0,3
1057,1059,42,50,3,4,10,0.4,0.3,0.05,0.05,0,0,3
1058,1057,42,50,3,4,10,0.4,0.3,0.05,0.03,0,2,1
1059,1060,42,50,3,4,10,0.4,0.3,0.1,0.01,0,1,2
1060,1061,42,50,3,4,10,0.4,0.3,0.1,0.02,0,1,2
1061,1058,42,50,3,4,10,0.4,0.3,0.05,0.04,0,0,3
1062,1062,42,50,3,4,10,0.4,0.3,0.1,0.03,0,1,2
1063,1064,42,50,3,4,10,0.4,0.3,0.1,0.05,0,1,2
1064,1063,42,50,3,4,10,0.4,0.3,0.1,0.04,0,0,3
1065,1065,42,50,3,4,10,0.4,0.3,0.15,0.01,0,0,3
1066,1066,42,50,3,4,10,0.4,0.3,0.15,0.02,0,1,2
1067,1067,42,50,3,4,10,0.4,0.3,0.15,0.03,0,0,3
1068,1068,42,50,3,4,10,0.4,0.3,0.15,0.04,0,1,2
1069,1071,42,50,3,4,10,0.4,0.3,0.2,0.02,0,1,2
1070,1070,42,50,3,4,10,0.4,0.3,0.2,0.01,0,1,2
1071,1069,42,50,3,4,10,0.4,0.3,0.15,0.05,1,0,2
1072,1072,42,50,3,4,10,0.4,0.3,0.2,0.03,0,1,2
1073,1076,43,50,3,4,10,0.4,0.3,0.01,0.02,0,0,3
1074,1074,42,50,3,4,10,0.4,0.3,0.2,0.05,0,1,2
1075,1073,42,50,3,4,10,0.4,0.3,0.2,0.04,0,0,3
1076,1075,43,50,3,4,10,0.4,0.3,0.01,0.01,0,0,3
1077,1077,43,50,3,4,10,0.4,0.3,0.01,0.03,0,1,2
1078,1079,43,50,3,4,10,0.4,0.3,0.01,0.05,0,0,3
1079,1082,43,50,3,4,10,0.4,0.3,0.05,0.03,0,1,2
1080,1080,43,50,3,4,10,0.4,0.3,0.05,0.01,0,1,2
1081,1078,43,50,3,4,10,0.4,0.3,0.01,0.04,0,1,2
1082,1081,43,50,3,4,10,0.4,0.3,0.05,0.02,0,1,2
1083,1083,43,50,3,4,10,0.4,0.3,0.05,0.04,1,0,2
1084,1086,43,50,3,4,10,0.4,0.3,0.1,0.02,0,1,2
1085,1084,43,50,3,4,10,0.4,0.3,0.05,0.05,0,1,2
1086,1087,43,50,3,4,10,0.4,0.3,0.1,0.03,0,2,1
1087,1085,43,50,3,4,10,0.4,0.3,0.1,0.01,1,0,2
1088,1088,43,50,3,4,10,0.4,0.3,0.1,0.04,0,1,2
1089,1089,43,50,3,4,10,0.4,0.3,0.1,0.05,0,1,2
1090,1090,43,50,3,4,10,0.4,0.3,0.15,0.01,0,0,3
1091,1092,43,50,3,4,10,0.4,0.3,0.15,0.03,0,0,3
1092,1091,43,50,3,4,10,0.4,0.3,0.15,0.02,0,0,3
1093,1093,43,50,3,4,10,0.4,0.3,0.15,0.04,0,1,2
1094,1095,43,50,3,4,10,0.4,0.3,0.2,0.01,0,1,2
1095,1096,43,50,3,4,10,0.4,0.3,0.2,0.02,0,1,2
1096,1099,43,50,3,4,10,0.4,0.3,0.2,0.05,0,1,2
1097,1098,43,50,3,4,10,0.4,0.3,0.2,0.04,0,1,2
1098,1094,43,50,3,4,10,0.4,0.3,0.15,0.05,1,0,2
1099,1097,43,50,3,4,10,0.4,0.3,0.2,0.03,0,1,2
1100,1100,44,50,3,4,10,0.4,0.3,0.01,0.01,0,1,2
1101,1101,44,50,3,4,10,0.4,0.3,0.01,0.02,0,0,3
1102,1105,44,50,3,4,10,0.4,0.3,0.05,0.01,0,0,3
1103,1102,44,50,3,4,10,0.4,0.3,0.01,0.03,0,1,2
1104,1103,44,50,3,4,10,0.4,0.3,0.01,0.04,0,1,2
1105,1104,44,50,3,4,10,0.4,0.3,0.01,0.05,0,0,3
1106,1106,44,50,3,4,10,0.4,0.3,0.05,0.02,0,1,2
1107,1107,44,50,3,4,10,0.4,0.3,0.05,0.03,0,1,2
1108,1109,44,50,3,4,10,0.4,0.3,0.05,0.05,0,1,2
1109,1108,44,50,3,4,10,0.4,0.3,0.05,0.04,0,0,3
1110,1111,44,50,3,4,10,0.4,0.3,0.1,0.02,0,1,2
1111,1113,44,50,3,4,10,0.4,0.3,0.1,0.04,0,0,3
1112,1115,44,50,3,4,10,0.4,0.3,0.15,0.01,0,1,2
1113,1110,44,50,3,4,10,0.4,0.3,0.1,0.01,0,1,2
1114,1112,44,50,3,4,10,0.4,0.3,0.1,0.03,0,1,2
1115,1114,44,50,3,4,10,0.4,0.3,0.1,0.05,0,1,2
1116,1117,44,50,3,4,10,0.4,0.3,0.15,0.03,0,0,3
1117,1116,44,50,3,4,10,0.4,0.3,0.15,0.02,0,1,2
1118,1119,44,50,3,4,10,0.4,0.3,0.15,0.05,0,0,3
1119,1121,44,50,3,4,10,0.4,0.3,0.2,0.02,0,0,3
1120,1120,44,50,3,4,10,0.4,0.3,0.2,0.01,0,2,1
1121,1118,44,50,3,4,10,0.4,0.3,0.15,0.04,0,0,3
1122,1123,44,50,3,4,10,0.4,0.3,0.2,0.04,0,0,3
1123,1122,44,50,3,4,10,0.4,0.3,0.2,0.03,0,1,2
1124,1124,44,50,3,4,10,0.4,0.3,0.2,0.05,0,1,2
1125,1125,45,50,3,4,10,0.4,0.3,0.01,0.01,0,1,2
1126,1126,45,50,3,4,10,0.4,0.3,0.01,0.02,0,2,1
1127,1131,45,50,3,4,10,0.4,0.3,0.05,0.02,0,1,2
1128,1127,45,50,3,4,10,0.4,0.3,0.01,0.03,0,1,2
1129,1132,45,50,3,4,10,0.4,0.3,0.05,0.03,0,1,2
1130,1128,45,50,3,4,10,0.4,0.3,0.01,0.04,0,0,3
1131,1129,45,50,3,4,10,0.4,0.3,0.01,0.05,0,0,3
1132,1130,45,50,3,4,10,0.4,0.3,0.05,0.01,0,0,3
1133,1133,45,50,3,4,10,0.4,0.3,0.05,0.04,0,1,2
1134,1135,45,50,3,4,10,0.4,0.3,0.1,0.01,0,0,3
1135,1134,45,50,3,4,10,0.4,0.3,0.05,0.05,0,1,2
1136,1140,45,50,3,4,10,0.4,0.3,0.15,0.01,0,0,3
1137,1136,45,50,3,4,10,0.4,0.3,0.1,0.02,0,1,2
1138,1137,45,50,3,4,10,0.4,0.3,0.1,0.03,0,1,2
1139,1138,45,50,3,4,10,0.4,0.3,0.1,0.04,0,0,3
1140,1139,45,50,3,4,10,0.4,0.3,0.1,0.05,0,1,2
1141,1141,45,50,3,4,10,0.4,0.3,0.15,0.02,0,0,3
1142,1142,45,50,3,4,10,0.4,0.3,0.15,0.03,0,1,2
1143,1144,45,50,3,4,10,0.4,0.3,0.15,0.05,0,1,2
1144,1143,45,50,3,4,10,0.4,0.3,0.15,0.04,0,1,2
1145,1145,45,50,3,4,10,0.4,0.3,0.2,0.01,0,1,2
1146,1149,45,50,3,4,10,0.4,0.3,0.2,0.05,0,2,1
1147,1146,45,50,3,4,10,0.4,0.3,0.2,0.02,0,1,2
1148,1147,45,50,3,4,10,0.4,0.3,0.2,0.03,0,1,2
1149,1151,46,50,3,4,10,0.4,0.3,0.01,0.02,0,2,1
1150,1148,45,50,3,4,10,0.4,0.3,0.2,0.04,0,1,2
1151,1152,46,50,3,4,10,0.4,0.3,0.01,0.03,0,1,2
1152,1150,46,50,3,4,10,0.4,0.3,0.01,0.01,0,1,2
1153,1153,46,50,3,4,10,0.4,0.3,0.01,0.04,0,0,3
1154,1155,46,50,3,4,10,0.4,0.3,0.05,0.01,0,1,2
1155,1154,46,50,3,4,10,0.4,0.3,0.01,0.05,0,1,2
1156,1157,46,50,3,4,10,0.4,0.3,0.05,0.03,0,1,2
1157,1160,46,50,3,4,10,0.4,0.3,0.1,0.01,0,0,3
1158,1156,46,50,3,4,10,0.4,0.3,0.05,0.02,1,0,2
1159,1158,46,50,3,4,10,0.4,0.3,0.05,0.04,0,0,3
1160,1159,46,50,3,4,10,0.4,0.3,0.05,0.05,0,1,2
1161,1161,46,50,3,4,10,0.4,0.3,0.1,0.02,0,1,2
1162,1163,46,50,3,4,10,0.4,0.3,0.1,0.04,1,0,2
1163,1162,46,50,3,4,10,0.4,0.3,0.1,0.03,0,1,2
1164,1166,46,50,3,4,10,0.4,0.3,0.15,0.02,0,1,2
1165,1164,46,50,3,4,10,0.4,0.3,0.1,0.05,0,1,2
1166,1168,46,50,3,4,10,0.4,0.3,0.15,0.04,0,0,3
1167,1167,46,50,3,4,10,0.4,0.3,0.15,0.03,0,0,3
1168,1169,46,50,3,4,10,0.4,0.3,0.15,0.05,0,2,1
1169,1165,46,50,3,4,10,0.4,0.3,0.15,0.01,0,2,1
1170,1170,46,50,3,4,10,0.4,0.3,0.2,0.01,0,0,3
1171,1173,46,50,3,4,10,0.4,0.3,0.2,0.04,0,1,2
1172,1172,46,50,3,4,10,0.4,0.3,0.2,0.03,0,0,3
1173,1174,46,50,3,4,10,0.4,0.3,0.2,0.05,0,0,3
1174,1171,46,50,3,4,10,0.4,0.3,0.2,0.02,0,0,3
1175,1175,47,50,3,4,10,0.4,0.3,0.01,0.01,0,1,2
1176,1177,47,50,3,4,10,0.4,0.3,0.01,0.03,0,1,2
1177,1176,47,50,3,4,10,0.4,0.3,0.01,0.02,0,0,3
1178,1179,47,50,3,4,10,0.4,0.3,0.01,0.05,0,1,2
1179,1178,47,50,3,4,10,0.4,0.3,0.01,0.04,0,1,2
1180,1181,47,50,3,4,10,0.4,0.3,0.05,0.02,0,0,3
1181,1180,47,50,3,4,10,0.4,0.3,0.05,0.01,0,0,3
1182,1184,47,50,3,4,10,0.4,0.3,0.05,0.05,0,0,3
1183,1186,47,50,3,4,10,0.4,0.3,0.1,0.02,0,1,2
1184,1182,47,50,3,4,10,0.4,0.3,0.05,0.03,0,1,2
1185,1185,47,50,3,4,10,0.4,0.3,0.1,0.01,0,1,2
1186,1183,47,50,3,4,10,0.4,0.3,0.05,0.04,1,0,2
1187,1188,47,50,3,4,10,0.4,0.3,0.1,0.04,0,0,3
1188,1190,47,50,3,4,10,0.4,0.3,0.15,0.01,0,1,2
1189,1187,47,50,3,4,10,0.4,0.3,0.1,0.03,0,1,2
1190,1191,47,50,3,4,10,0.4,0.3,0.15,0.02,0,2,1
1191,1189,47,50,3,4,10,0.4,0.3,0.1,0.05,0,0,3
1192,1193,47,50,3,4,10,0.4,0.3,0.15,0.04,0,0,3
1193,1192,47,50,3,4,10,0.4,0.3,0.15,0.03,1,0,2
1194,1195,47,50,3,4,10,0.4,0.3,0.2,0.01,0,1,2
1195,1194,47,50,3,4,10,0.4,0.3,0.15,0.05,1,0,2
1196,1198,47,50,3,4,10,0.4,0.3,0.2,0.04,0,1,2
1197,1197,47,50,3,4,10,0.4,0.3,0.2,0.03,0,1,2
1198,1203,48,50,3,4,10,0.4,0.3,0.01,0.04,0,0,3
1199,1200,48,50,3,4,10,0.4,0.3,0.01,0.01,0,0,3
1200,1201,48,50,3,4,10,0.4,0.3,0.01,0.02,0,0,3
1201,1196,47,50,3,4,10,0.4,0.3,0.2,0.02,0,1,2
1202,1199,47,50,3,4,10,0.4,0.3,0.2,0.05,0,1,2
1203,1202,48,50,3,4,10,0.4,0.3,0.01,0.03,0,1,2
1204,1206,48,50,3,4,10,0.4,0.3,0.05,0.02,0,1,2
1205,1205,48,50,3,4,10,0.4,0.3,0.05,0.01,0,1,2
1206,1204,48,50,3,4,10,0.4,0.3,0.01,0.05,0,1,2
1207,1207,48,50,3,4,10,0.4,0.3,0.05,0.03,0,0,3
1208,1209,48,50,3,4,10,0.4,0.3,0.05,0.05,0,1,2
1209,1208,48,50,3,4,10,0.4,0.3,0.05,0.04,0,0,3
1210,1210,48,50,3,4,10,0.4,0.3,0.1,0.01,0,1,2
1211,1211,48,50,3,4,10,0.4,0.3,0.1,0.02,0,0,3
1212,1212,48,50,3,4,10,0.4,0.3,0.1,0.03,0,1,2
1213,1217,48,50,3,4,10,0.4,0.3,0.15,0.03,0,1,2
1214,1216,48,50,3,4,10,0.4,0.3,0.15,0.02,0,1,2
1215,1214,48,50,3,4,10,0.4,0.3,0.1,0.05,0,1,2
1216,1213,48,50,3,4,10,0.4,0.3,0.1,0.04,0,1,2
1217,1215,48,50,3,4,10,0.4,0.3,0.15,0.01,0,1,2
1218,1218,48,50,3,4,10,0.4,0.3,0.15,0.04,0,1,2
1219,1219,48,50,3,4,10,0.4,0.3,0.15,0.05,0,1,2
1220,1221,48,50,3,4,10,0.4,0.3,0.2,0.02,0,1,2
1221,1222,48,50,3,4,10,0.4,0.3,0.2,0.03,0,1,2
1222,1224,48,50,3,4,10,0.4,0.3,0.2,0.05,0,1,2
1223,1225,49,50,3,4,10,0.4,0.3,0.01,0.01,0,1,2
1224,1223,48,50,3,4,10,0.4,0.3,0.2,0.04,1,0,2
1225,1220,48,50,3,4,10,0.4,0.3,0.2,0.01,0,1,2
1226,1226,49,50,3,4,10,0.4,0.3,0.01,0.02,0,0,3
1227,1227,49,50,3,4,10,0.4,0.3,0.01,0.03,0,1,2
1228,1229,49,50,3,4,10,0.4,0.3,0.01,0.05,0,1,2
1229,1232,49,50,3,4,10,0.4,0.3,0.05,0.03,0,1,2
1230,1228,49,50,3,4,10,0.4,0.3,0.01,0.04,0,1,2
1231,1231,49,50,3,4,10,0.4,0.3,0.05,0.02,0,2,1
1232,1230,49,50,3,4,10,0.4,0.3,0.05,0.01,0,1,2
1233,1233,49,50,3,4,10,0.4,0.3,0.05,0.04,0,0,3
1234,1234,49,50,3,4,10,0.4,0.3,0.05,0.05,0,0,3
1235,1235,49,50,3,4,10,0.4,0.3,0.1,0.01,0,0,3
1236,1236,49,50,3,4,10,0.4,0.3,0.1,0.02,0,1,2
1237,1238,49,50,3,4,10,0.4,0.3,0.1,0.04,0,1,2
1238,1239,49,50,3,4,10,0.4,0.3,0.1,0.05,0,1,2
1239,1240,49,50,3,4,10,0.4,0.3,0.15,0.01,0,0,3
1240,1237,49,50,3,4,10,0.4,0.3,0.1,0.03,0,1,2
1241,1242,49,50,3,4,10,0.4,0.3,0.15,0.03,0,1,2
1242,1241,49,50,3,4,10,0.4,0.3,0.15,0.02,0,2,1
1243,1244,49,50,3,4,10,0.4,0.3,0.15,0.05,0,0,3
1244,1247,49,50,3,4,10,0.4,0.3,0.2,0.03,0,2,1
1245,1246,49,50,3,4,10,0.4,0.3,0.2,0.02,0,1,2
1246,1249,49,50,3,4,10,0.4,0.3,0.2,0.05,0,0,3
1247,1243,49,50,3,4,10,0.4,0.3,0.15,0.04,0,1,2
1248,1245,49,50,3,4,10,0.4,0.3,0.2,0.01,0,1,2
1249,1248,49,50,3,4,10,0.4,0.3,0.2,0.04,0,1,2
